gene_id1,gene_id2,p_val_cond
Col1a1,Fn1,6.112244691951822e-95
Col1a1,Nid1,2.422947588308831e-85
Col1a1,Fbln2,5.699552304325376e-85
Fbln2,Fn1,1.929649845962382e-83
Polr2a,Prpf8,8.107911411570307e-80
Col1a1,Col6a2,1.324660413787587e-78
Fn1,Nid1,2.075670123011025e-71
Col6a2,Fbln2,1.940047388260398e-69
Col5a1,Fn1,8.780897945727026e-69
Cyb5r3,Sh3pxd2a,1.678194255836459e-63
Aebp1,Col1a1,3.216918914091738e-62
Col6a2,Fn1,3.136382600934014e-59
Col1a1,Lox,2.718018227515519e-58
Col3a1,Fn1,1.124432161079982e-57
Col1a1,Col5a1,2.4313819662018e-57
Col1a1,P4hb,1.821541349336478e-55
Col6a3,Fn1,6.659664972072683e-55
Bgn,Col6a2,9.147232754292071e-55
Bgn,Col1a1,1.012565579177134e-54
Bgn,Fbln2,4.016552713222954e-54
Col5a2,Fn1,9.010358738828031e-54
Col1a1,Postn,8.770006546519666e-52
Aebp1,Fn1,2.189088083094626e-51
Col1a1,Col6a3,2.795143550399796e-51
Bgn,P4hb,3.001083195149332e-49
Col1a1,Col5a2,3.959792067624314e-49
Col1a1,Col6a1,1.335993765009895e-48
Col1a1,Col3a1,8.555967358709323e-47
Bgn,Emp1,1.186145878162045e-46
Fbln2,Nid1,1.87884932760567e-46
Fn1,Tnc,1.925267259035859e-46
Fn1,P4hb,1.985687624014008e-46
Flnb,Plec,3.032151195887873e-46
Fn1,Postn,5.866264898678834e-45
Fn1,Lox,1.220281876969063e-43
Fbn1,Fn1,1.668341011444564e-43
Flna,Flnb,2.700746348446063e-43
Col1a1,Tnc,5.94756101664093e-43
Col5a1,Fbln2,9.696684173554464e-43
Fn1,Pdia3,1.107373727996244e-42
Cyb5r3,Kif1c,1.327924061113112e-42
Bgn,Lox,3.937009935882435e-42
Fn1,Vcan,2.131731913448944e-41
Bgn,Pdia3,1.676876696673323e-40
Col1a1,Vcan,2.609001114147172e-40
Fn1,Hspg2,1.930372629026394e-39
Col1a1,Ptx3,6.170524456113045e-39
Aebp1,Bgn,9.413334330424464e-39
Col4a2,Fn1,1.091540831209698e-38
Fbln2,Postn,1.32274188453543e-38
Fn1,Thbs1,3.247128750353972e-38
Fn1,Itgb1,1.518861796087699e-37
Cyb5r3,Kctd10,2.044833320922937e-37
Ddr2,Sh3pxd2a,4.937196666784469e-37
Col6a1,Fn1,5.921834496649943e-37
Fn1,Serpinh1,1.904136829236052e-36
Bgn,Postn,2.527035362578277e-36
Col5a1,Col6a2,3.070760500645903e-36
Col6a1,Col6a2,4.887525829867597e-36
Col5a2,Fbln2,9.717257504388279e-36
Fn1,Vcl,2.909694044728446e-35
Fbln2,Pdia6,4.179282808084136e-35
Fn1,Lrp1,3.847346433644708e-34
Fn1,Il6st,8.170198756150995e-34
Col6a2,Lox,9.16898443411329e-34
Col1a1,Serpinh1,1.465547128541031e-33
Lox,P4hb,1.601618025900693e-33
Col5a1,Nid1,1.814927837065393e-33
Fbln2,Lox,1.821821516281173e-33
Fbln2,P4hb,5.027750969519403e-33
Col1a1,Pdia6,5.210563524532377e-33
Cyb5r3,Ddr2,7.754431571518632e-33
Col1a1,Itgb1,1.226054296437487e-32
Col1a1,Emp1,3.805997179518615e-32
Col1a1,Sdc4,6.916195398634514e-32
Aebp1,P4hb,1.409915737177721e-31
Bgn,Col5a1,4.269656668963156e-31
Emp1,Lox,1.123861317636988e-29
Calu,Col1a1,1.788390494162204e-29
Col6a2,Nid1,3.740160553382064e-29
Bgn,Pdia6,4.204732340184483e-29
Nid1,P4hb,5.399360521528651e-29
Col1a1,Il6st,6.163877728051924e-29
Bgn,Nid1,6.688427377390117e-29
Emp1,Fn1,1.414927089166854e-28
Calu,Fn1,1.507616073056502e-28
Fn1,Pdia6,2.084006835675705e-28
Flna,Plec,3.149732635279923e-28
Bgn,Sdc4,5.004910658059736e-28
Col1a1,Lamc1,6.003953776994606e-28
Col1a1,Thbs1,6.437425635347825e-28
Fn1,Pdia4,7.693144104527683e-28
Fat1,Fn1,1.853585728035981e-27
Mki67,Ranbp2,2.439981548059062e-27
Aebp1,Col6a2,2.758385829171953e-27
Bgn,Col6a1,3.10103701245202e-27
Col6a2,Pdia6,3.181176440618302e-27
Col1a1,Timp3,3.479062790310286e-27
Col1a1,Pdia3,3.823459190990782e-27
Axl,Col1a1,1.119922852988479e-26
Fbln2,Pdia3,1.280125958735653e-26
Fn1,Ldlr,1.554826494280916e-26
Bgn,Calu,2.317920004636901e-26
Col6a2,Postn,2.578072683357154e-26
Bgn,Serpinf1,3.212605883969526e-26
Col1a1,Pdia4,5.443922684758675e-26
Col1a1,Ltbp2,6.695751235790807e-26
Fn1,Ltbp2,6.981447758300316e-26
Bgn,Serpinh1,7.100250317197003e-26
Nid1,Tnc,8.273709192004502e-26
Col3a1,Fbln2,1.432473800994075e-25
Fn1,Ptx3,1.74450738364459e-25
Col1a1,Hspg2,5.75306428659671e-25
Aebp1,Nid1,7.964486911992777e-25
Nid1,Thbs1,9.34853113507762e-25
Lox,Pdia6,1.044376612130788e-24
Cd248,Fn1,1.129248052065763e-24
Itgb1,Lox,2.654449523588415e-24
Col6a2,P4hb,6.011819064175331e-24
Col1a1,Col4a2,1.048922606242949e-23
Fbln2,Serpinh1,2.852437490643544e-23
Col1a1,Vcl,3.334409283212739e-23
Fn1,Slc38a2,3.480367177037079e-23
Col6a2,Serpinh1,4.314386306383679e-23
Dhcr24,Fn1,4.811921999606528e-23
Ckap4,Col1a1,5.2966035524129e-23
Aebp1,Fbln2,6.213886816172607e-23
Col6a2,Emp1,6.861634394600264e-23
Axl,Bgn,8.315209092750221e-23
Col5a2,Col6a2,1.200666727928679e-22
Fbln2,Vcan,3.148973617646066e-22
Fbln2,Tnc,3.225003876157445e-22
Kif1c,Sh3pxd2a,4.348448111513825e-22
P4hb,Pdia6,4.562364755378392e-22
Col6a2,Pdia3,5.121999909782527e-22
Fbln2,Sdc4,6.109463694783667e-22
Calu,Lox,6.957909233154642e-22
Col1a1,Lrp1,8.526793990692426e-22
Col1a1,Fstl1,8.969966470350093e-22
Fn1,Sdc4,1.499639161204177e-21
Col5a1,Col6a1,1.499989973115266e-21
Pdia6,Serpinh1,1.963677509501437e-21
Col16a1,Fn1,2.190556759779194e-21
Pdia3,Serpinh1,2.393769359749815e-21
Col1a1,Serpinf1,4.793795616331668e-21
Col1a1,Gas1,6.509440866217183e-21
Serpine1,Thbs1,7.474679665990898e-21
Col5a1,P4hb,7.649010240960291e-21
Bgn,Itgb1,1.834442588291012e-20
Calu,Fbln2,2.440890010372957e-20
Col6a1,Serpinh1,2.868561760385948e-20
Fn1,Serpinf1,3.447840367778853e-20
Bgn,Igf2,4.012648174742483e-20
P4hb,Postn,4.344702761504737e-20
Fn1,Tgfbr3,5.423266441876229e-20
Fn1,Myadm,5.724966265690575e-20
Nid1,Ptx3,5.844951501289755e-20
Fn1,Loxl3,7.131245596920882e-20
P4hb,Serpinh1,1.039293245974236e-19
Emp1,Sdc4,3.01741522390507e-19
Calu,Col6a2,3.070281281991435e-19
Cd248,Col5a1,4.316131369612242e-19
Lox,Nid1,4.591358518214685e-19
Ckap4,Fn1,5.447208068102083e-19
Col6a1,Nid1,5.914976106037911e-19
Fbln2,Lamc1,7.515907034484943e-19
Col1a1,Ctsd,7.942608889105698e-19
Fn1,Itgav,1.206396838436427e-18
Fn1,Timp3,1.505839826303403e-18
Emp1,P4hb,2.111086253575672e-18
Pdia3,Pdia6,2.145515389088303e-18
Fn1,Ltbp1,3.283424175077332e-18
Fn1,Glg1,4.720342635914826e-18
Pdia3,Postn,6.231103571097798e-18
Col1a1,Slc38a2,7.541259558816531e-18
Nid1,Serpinh1,8.281786455325573e-18
Col1a1,Fbn1,1.138900937624958e-17
Col6a1,P4hb,1.384928224215445e-17
Crim1,Fn1,1.501010636289728e-17
Macf1,Plec,1.664808410922662e-17
Calu,Emp1,1.678752204400956e-17
Emp1,Fbln2,2.053171254402749e-17
Igf2,P4hb,2.737212785587651e-17
Bgn,Pcolce,2.987710222585927e-17
Col1a1,Glg1,3.132751994625359e-17
Lox,Serpinh1,3.360889000448551e-17
Aebp1,Tnc,4.05619660908289e-17
Axl,Fn1,4.350896004094391e-17
Fn1,Slit2,5.425809463673407e-17
Fn1,Npnt,5.992119014606575e-17
Col5a2,Postn,6.150928011735842e-17
Lox,Pdia3,6.982622421250998e-17
Col5a1,Postn,7.117717617938978e-17
Calu,Itgb1,7.340619652316757e-17
Lox,Serpinf1,7.499777587818693e-17
Itgb1,Vcl,7.686625714152452e-17
Col6a1,Lox,8.76121945643478e-17
Col1a1,Serpine1,8.947089881825437e-17
Bgn,Fstl1,1.130519165192503e-16
Col1a1,Vasn,1.35587800931948e-16
Bgn,Cd248,1.433994518497075e-16
Col1a1,Pcdh19,1.466560146281048e-16
Ckap4,Fbln2,1.626167405580894e-16
Col6a3,Nid1,1.638160461792112e-16
Col1a1,Sec61a1,1.685657084147293e-16
Itgb1,P4hb,1.71777169649992e-16
Fn1,Sec61a1,1.748984407185715e-16
Col16a1,Fbln2,2.211262454355976e-16
Aebp1,Pdia6,2.242901327518925e-16
Fbln2,Itgav,2.634544614924878e-16
Bgn,Dlk1,2.815945942595996e-16
Col16a1,Col1a1,2.978071097525317e-16
Fn1,Fstl1,3.271069655197056e-16
Col1a1,Man2a1,3.448192055385141e-16
Thbs1,Tnc,3.501451159628959e-16
Aebp1,Col6a1,3.825290410068933e-16
P4hb,Sdc4,4.125281039041728e-16
P4hb,Pdia3,4.217830269525548e-16
Col6a2,Sdc4,4.348937397572177e-16
Cd248,Fbln2,4.468426758144119e-16
Fn1,Ganab,4.715405881182928e-16
Col6a1,Postn,5.679841882115323e-16
Axl,Postn,6.000419931894652e-16
Il6st,Lox,6.128051283984197e-16
Pdia6,Sdc4,7.057003182963213e-16
Slc38a2,Vasn,7.58399158950233e-16
Adamts1,Col1a1,7.940422491089529e-16
Aebp1,Serpinh1,8.16760016231696e-16
Col6a2,Igf2,9.511464421751638e-16
Fbln2,Lrp1,9.541436664610204e-16
Col6a1,Pdia6,1.170782924139912e-15
Col5a1,Col6a3,1.22467498306482e-15
Cdh11,Fn1,1.273143411523068e-15
Col5a1,Col5a2,1.534080861449683e-15
Cd248,Col1a1,1.566256414283245e-15
Fbln2,Itgb1,1.631673230006527e-15
Fbln2,Loxl3,1.866656988182427e-15
Ptx3,Thbs1,2.305636310237538e-15
Dynll2,Sh3pxd2a,2.351127620352233e-15
Col6a2,Tnc,2.373142954037678e-15
Col1a1,Myadm,2.511287170324054e-15
Fkbp9,P4hb,2.828603519239332e-15
Hspg2,Nid1,2.8587174855415e-15
Col1a1,Pxdn,3.65945524100818e-15
Cyb5r3,Dynll2,3.775227692548949e-15
Col5a1,Emp1,4.576904896629906e-15
Col6a2,Pdia4,4.75129495510799e-15
Bgn,Col5a2,4.886676098121634e-15
Lox,Thbs1,5.124280718013825e-15
Lox,Ptx3,5.476137321995385e-15
Col1a1,Igf2,5.538101649104043e-15
Col5a1,Tnc,6.847721160139386e-15
Col3a1,Lox,8.954328629518559e-15
Fbln2,Pdia4,8.98278589368622e-15
Col6a3,Thbs1,9.583474571107626e-15
Col1a1,Itgav,1.404259846930219e-14
Bgn,Sec61a1,1.406802096799206e-14
Bgn,Fkbp9,1.51837615950027e-14
Fbln2,Serpinf1,1.563065542763667e-14
Col1a1,Rpn2,1.94547453184265e-14
Col3a1,Col6a2,1.95054723080752e-14
Fn1,Rpn2,2.005716104758323e-14
Col1a1,Crim1,2.088431143153939e-14
Bgn,Rpn2,2.604865558806688e-14
Flnc,Plec,3.196400518375839e-14
Aebp1,Col5a1,3.530763314051255e-14
Polr2a,Polr2b,3.5534445669733e-14
Axl,Fbln2,4.356090299335348e-14
Fn1,Igf2,4.632935480506827e-14
Emp1,Serpinh1,5.262437210275422e-14
Aebp1,Lox,5.562384240526941e-14
Col5a2,P4hb,5.88679056731019e-14
Fbln2,Vcl,6.058633114404465e-14
Pdia6,Postn,7.679937806277004e-14
Lox,Sdc4,7.712030583149105e-14
Col6a2,Dlk1,7.995001264857666e-14
Aebp1,Calu,8.349494497253645e-14
Bgn,Ckap4,8.696191085759851e-14
Adamts1,Ptx3,8.859510146700061e-14
Col1a1,Slit2,1.01888399730424e-13
Fbln2,Il6st,1.03875221325279e-13
Clstn1,Col1a1,1.062483434566275e-13
P4hb,Timp3,1.187938636348917e-13
Adamts1,Slc38a2,1.222355550112297e-13
Col1a1,Loxl3,1.282307593442056e-13
Lox,Ltbp2,1.352251643993441e-13
Nid1,Pdia3,1.533217997007341e-13
Vasn,Vcan,1.566524687746096e-13
Nr2f1,Nr2f2,1.630917623174355e-13
Col3a1,Col5a1,1.701971896750365e-13
Ctsd,Fn1,2.02393657389166e-13
Emp1,Postn,2.05613304160579e-13
Col3a1,Col5a2,2.103872631664672e-13
Col5a1,Itgb1,2.149391775674303e-13
Aplp2,Fn1,2.426947531830592e-13
Fn1,Hyou1,2.806643806252396e-13
Arhgap11a,Sh3pxd2a,2.898792317296284e-13
Col5a1,Pdia6,2.928768338961163e-13
Col1a1,Dhcr24,2.929878561985788e-13
Fbln2,Thbs1,2.968736367847669e-13
Aebp1,Col5a2,3.176348073452573e-13
Flnb,Flnc,3.365085987638849e-13
Col3a1,Col6a3,3.587130592563881e-13
Col6a3,Fbln2,3.871347686867921e-13
Adamts1,Fn1,3.93574062229618e-13
Col1a1,Plxnb2,4.137801212777958e-13
Fn1,Stt3a,4.365396932826116e-13
Adm,Thbs1,5.030420524576584e-13
Col1a1,Prss23,5.262457136723242e-13
Serpinf1,Serpinh1,5.504485756091526e-13
Angptl2,Fn1,5.643263634169671e-13
Calu,Col5a1,5.655476087440547e-13
Ckap4,Lox,5.794253965518692e-13
Col6a2,Sec61a1,5.796474411567942e-13
Ddb1,Myh9,6.975531263719859e-13
Lox,Postn,7.490674747145931e-13
Kif1c,Palld,7.674971769233707e-13
Fkbp10,Fn1,8.311129562343922e-13
Calu,Postn,9.584555371588976e-13
Aebp1,Itgb1,1.018074513581269e-12
Fn1,Gas1,1.032951502111246e-12
Fn1,Pcdh19,1.052158360437261e-12
Col5a1,Serpinh1,1.155631146332325e-12
Cdh2,Fn1,1.160183060733289e-12
Emp1,Itgb1,1.199707000409944e-12
Fbln2,Fbln5,1.258992909924928e-12
Col5a2,Pdia6,1.361022405887979e-12
Col6a2,Timp3,1.389777182225771e-12
Cd248,Emp1,1.731503829205394e-12
Fbln2,Glg1,1.969535645685028e-12
Cd248,Col6a2,2.075228877629343e-12
Aebp1,Pdia3,2.1271873151818e-12
Bgn,Col3a1,2.176259172870232e-12
Nid1,Serpine1,2.188804693048496e-12
Fn1,Man2a1,2.503441898227265e-12
Col3a1,P4hb,2.882916128044144e-12
Thbs1,Vcl,2.975175661390494e-12
Lox,Tnc,2.99482660892636e-12
Bgn,Pdia4,3.012368132715437e-12
Crim1,Fbln2,3.014477556462225e-12
Fn1,Pdgfrb,3.043787444312329e-12
Pdia3,Sec61a1,3.059996700471856e-12
Aebp1,Axl,3.060551811984169e-12
Col6a2,Nucb1,3.660516334491604e-12
Fn1,Pxdn,3.792188785212147e-12
Lamc1,Nid1,4.00857125271159e-12
Bgn,Timp3,4.257372232530088e-12
Nid1,Vasn,4.472311410097518e-12
Ckap4,Col6a1,4.494404848287559e-12
Nid1,Vcl,4.619193916255426e-12
Col5a1,Lamc1,5.180189610598518e-12
Pdia6,Serpinf1,5.268785407963605e-12
Col4a2,Fbln2,5.356159960001605e-12
Bgn,Il6st,5.666689339989261e-12
Aqp1,Col1a1,5.743072684083472e-12
Aebp1,Emp1,5.810463221678219e-12
Postn,Sec61a1,7.576828053856843e-12
Fbln2,Fstl1,7.853939720803282e-12
Col5a1,Thbs1,8.106626481207968e-12
Col1a1,Ltbp1,8.173905996500253e-12
Col1a1,Hyou1,8.302913911961696e-12
Ptx3,Slc38a2,9.599876449328804e-12
Col6a2,Myadm,9.879874696139268e-12
Col1a1,Slc7a5,9.900080755187446e-12
Igf2,Lox,1.000255434036035e-11
Fstl1,Lox,1.013877870548185e-11
Fn1,Slc7a5,1.016287054511622e-11
Col3a1,Serpinh1,1.033406693551342e-11
Col6a2,Lamc1,1.065592059035225e-11
Nid1,Postn,1.100131097331314e-11
Fbn1,Hspg2,1.120625814365894e-11
Pdia3,Serpinf1,1.125421977832275e-11
Fbln2,Timp3,1.131694737921407e-11
Fn1,Pcdh18,1.20241594459003e-11
Chpf,Fn1,1.239464086921771e-11
Fn1,Sdc1,1.245292757801053e-11
Col1a1,Ldlr,1.337130406398046e-11
Ptx3,Vasn,1.3659962050383e-11
Fn1,Sqle,1.380129344141778e-11
Bgn,Thbs1,1.389788284456017e-11
Il6st,Nid1,1.464439680631813e-11
Fbln2,Fgfr1,1.501476720733308e-11
Bgn,Vcl,1.70317093761696e-11
Serpinh1,Timp3,1.72858394265063e-11
Col3a1,Sdc4,1.738287291885854e-11
Angptl2,Bgn,1.748301503567973e-11
Fn1,Prss23,1.760647183601804e-11
Ptx3,Serpine1,1.764455248576269e-11
Col6a1,Col6a3,1.774835833856514e-11
Itgb1,Sdc4,1.793953874340559e-11
Bgn,Ltbp1,1.856570452929418e-11
Thbs1,Vcan,2.179056934892287e-11
Slc38a2,Thbs1,2.244082697444583e-11
Myadm,Serpinh1,2.302946722210208e-11
Fbln2,Rpn2,2.427713585717584e-11
Cdh11,Fbln2,2.752020833440838e-11
Col1a1,Ncln,2.792432951537194e-11
Col4a2,Nid1,2.825339961987083e-11
Col3a1,Pdia3,3.013600480272771e-11
Postn,Serpinf1,3.137801130037587e-11
Fbln2,Igf2,3.623734645685772e-11
Adamts1,Vasn,3.756916999719806e-11
Il6st,P4hb,4.46022108135935e-11
Fbn1,Vcan,4.625133609437171e-11
Bgn,Prss23,4.785150053976395e-11
Col1a1,Dlk1,4.971145717291847e-11
Col1a1,Fgfr1,5.002187553060367e-11
Bgn,Slit2,5.378653078480511e-11
Dynll2,Kif1c,5.402367442286504e-11
Aqp1,Bgn,5.500899735721987e-11
Hspg2,Thbs1,5.594635865691089e-11
Fbln2,Rpn1,5.791345181194174e-11
Cdh11,Col1a1,5.837752503623506e-11
Col1a1,Slc38a10,6.364542226577896e-11
Angptl2,Col1a1,6.624445436642645e-11
Pdia4,Vcan,7.469047602626233e-11
Col1a1,Ganab,7.746248087414642e-11
Clstn1,Fn1,8.965894693346854e-11
Dlk1,Serpinh1,9.011325019514516e-11
Lox,Timp3,9.404477196994776e-11
Emp1,Fstl1,9.771283782100681e-11
Flna,Iqgap1,1.009863304091141e-10
Col5a1,Pdia4,1.049784703610612e-10
Bgn,Lamc1,1.080914246998077e-10
Fbln2,Ptx3,1.10423004073823e-10
Nid1,Slc38a2,1.121071013798769e-10
Col5a2,Col6a1,1.139365268798542e-10
Nid1,Sdc4,1.169098151621029e-10
Axl,Emp1,1.17050036330113e-10
Emb,Fbln2,1.186667430985722e-10
Aebp1,Postn,1.221726053657335e-10
Aebp1,Col3a1,1.247771885815041e-10
Col6a2,Fstl1,1.279811812082698e-10
Bgn,Man2a1,1.285817008422896e-10
Fstl1,Pdia3,1.341606825633335e-10
Bgn,Ctsd,1.423231532626801e-10
Col1a1,Dag1,1.647867398091307e-10
Fat1,Thbs1,1.702752383536676e-10
Cdh2,Fbln2,1.716251585293094e-10
Atp1a1,Fn1,1.718148956442178e-10
Col6a1,Itgb1,1.854157938296908e-10
Myadm,P4hb,1.986056874514475e-10
Dlk1,Lox,2.048605729498831e-10
Ckap4,Nid1,2.094531215135476e-10
Ckap4,Col6a2,2.149214139990363e-10
Col5a2,Lox,2.182223290958518e-10
Col1a1,Mogs,2.226396844662304e-10
Emp1,Il6st,2.244286978481114e-10
Emp1,Myadm,2.27394547636095e-10
Aebp1,Pdia4,2.318185643446213e-10
Ckap4,Serpinh1,2.342895877305295e-10
Col1a1,Slc3a2,2.509014107587859e-10
Fbln2,Pcolce,2.615895278168523e-10
Col6a2,Itgb1,2.882163396833448e-10
Emp1,Pdia6,2.925273356879643e-10
Chpf,Col1a1,2.948862265483854e-10
Postn,Serpinh1,2.96023205947904e-10
Lrp1,Nid1,3.248241675635199e-10
Loxl3,P4hb,3.300656414850778e-10
Aebp1,Col6a3,3.332373266218269e-10
Fbln2,Ncln,3.428829442597703e-10
Col16a1,Nid1,3.450041363706191e-10
Bgn,Rpn1,3.711335683220796e-10
Nid1,Vcan,3.711450036192332e-10
Calu,Pdia3,3.82647913355072e-10
Col6a1,Pdia3,3.939303327982202e-10
Bgn,Hyou1,4.591055313696302e-10
Col1a1,Mmp14,4.77103467844131e-10
Col16a1,Col6a2,4.891067550971684e-10
Igf2,Postn,4.965926558853084e-10
Itgav,Lox,5.107340106391689e-10
Col5a1,Ptx3,5.129944247173057e-10
Postn,Sdc4,5.149056736541979e-10
Pcdh19,Vasn,5.172232642181029e-10
Aplp2,Fbln2,5.587085238900613e-10
Col6a2,Thbs1,6.078086922656212e-10
Ltbp1,Pdgfrb,6.144439401722934e-10
Col6a2,Rpn2,6.408266139956709e-10
Bgn,Slc38a10,6.427798293628939e-10
Fbln2,Sec61a1,6.539256913740132e-10
Emp1,Ptx3,6.783562600531923e-10
Lrp1,Tnc,6.808120733836631e-10
Aebp1,Igf2,7.100598997666907e-10
Aebp1,Pcolce,7.401946833240913e-10
Col6a1,Igf2,7.469347362842882e-10
Pam,Ptk7,7.702818383137355e-10
Ckap4,Thbs1,7.720697414725919e-10
Col1a1,Rpn1,8.286399344470396e-10
Dlk1,Fbln2,8.927433237104765e-10
Axl,Nid1,9.132302691838845e-10
Col4a2,Sec61a1,9.142658852212548e-10
Dhcr24,Fbln2,9.65140745101678e-10
Aebp1,Aqp1,9.778773346624803e-10
Ckap4,Col5a2,9.802323397423152e-10
Fkbp10,Lox,1.002938287975041e-09
Col5a1,Itgav,1.011563832697959e-09
Myadm,Serpinf1,1.056753462513882e-09
Dlk1,Pcolce,1.060282195375351e-09
Bgn,Col4a2,1.077303579677391e-09
Emp1,Serpinf1,1.108209191080789e-09
Col6a2,Serpinf1,1.139203509303854e-09
Adam9,P4hb,1.153010242838093e-09
Sdc4,Serpinf1,1.162805851606663e-09
Col6a2,Col6a3,1.163963370132137e-09
Itgb1,Thbs1,1.164405460940543e-09
Ctsd,Lox,1.200269328371917e-09
Aebp1,Sdc1,1.2126263326806e-09
Bgn,Grn,1.232722590671642e-09
Col6a1,Loxl3,1.253538717271852e-09
Pdia4,Postn,1.295189622219084e-09
Bgn,Dhcr24,1.311672215287274e-09
Axl,Pdia6,1.347024047859691e-09
Col1a1,Npnt,1.370169311343261e-09
Itgb1,Serpinf1,1.383138159560815e-09
Col3a1,Thbs1,1.406012861693284e-09
Ldlr,Ptx3,1.414971251278985e-09
Col3a1,Tnc,1.428554274873761e-09
Itgb1,Ptx3,1.43094869287097e-09
Arhgap10,Ung,1.477412969741465e-09
Postn,Vcan,1.530437443442167e-09
Itgb1,Pdia4,1.564342544391195e-09
Col5a1,Loxl3,1.664601345652272e-09
Fbln2,Npnt,1.67321334565429e-09
Emp1,Pdia3,1.706180308147509e-09
Fbn1,Thbs1,1.726815024305495e-09
Cd248,P4hb,1.779227432052721e-09
Col5a2,Emp1,1.812081373842034e-09
Aqp1,P4hb,1.832361373743652e-09
Col5a2,Fstl1,1.894465029295134e-09
Fn1,Tmem97,1.948637473603299e-09
Aebp1,Vcl,2.039147961596655e-09
Lox,Sdc1,2.188623726695482e-09
Lox,Pcolce,2.224768702596691e-09
Ctsd,Fbln2,2.258049525138972e-09
Col4a2,Postn,2.312184443908905e-09
Lamc1,Tnc,2.329155202041022e-09
Fn1,Mmp14,2.351540295819632e-09
Hspg2,Vcl,2.525478381976143e-09
Col6a3,Lrp1,2.712268853954924e-09
Col6a1,Il6st,2.715708657952121e-09
Col5a2,Ganab,2.735815685106502e-09
Ltbp2,Nid1,2.780085939235732e-09
Fstl1,Pdia4,2.843147273168256e-09
Slit2,Thbs1,2.95866986466109e-09
Fbln2,Man2a1,2.964002598915272e-09
Ldlr,Vasn,2.96737712179862e-09
Lox,Npnt,2.981429436665906e-09
Col1a1,Pkd2,2.990196645846765e-09
Calu,Col5a2,3.106973567312821e-09
Lox,Myadm,3.19981463547947e-09
Nid1,Slc3a2,3.202505038935044e-09
Cd44,Col1a1,3.296338091374196e-09
Cd248,Pcdh19,3.363903267050716e-09
Dag1,Fn1,3.472248821800861e-09
Col3a1,Itgb1,3.494369127388097e-09
Nid1,Pcdh19,3.649181623543996e-09
Col5a2,Fbn1,3.659857639171094e-09
Calu,Fgfr1,3.72496911094089e-09
Calu,Slc7a5,3.926184821700929e-09
Col6a2,Fkbp9,4.000360931399882e-09
Col1a1,Slc2a1,4.34879687816192e-09
Il6st,Serpinh1,4.418822197038708e-09
Emp1,Timp3,4.578656676024195e-09
Col6a3,Vcan,4.872542369582789e-09
Aebp1,Sdc4,4.943417675207229e-09
Cd248,Col6a1,5.002273484322473e-09
Fbln2,Fkbp9,5.066601915793001e-09
Fgfr1,Fn1,5.230321065141652e-09
P4hb,Pdia4,5.249882972790942e-09
Rpn2,Serpinf1,5.31582722285151e-09
Fn1,Thbd,5.472698849651181e-09
Myadm,Pdia6,5.676211722871471e-09
Emp1,Rpn2,5.795695035004655e-09
Fn1,Mogs,5.89447224363937e-09
Crim1,Ptx3,5.940236857959746e-09
Col1a1,Cyp51,5.950301251722578e-09
Slc38a2,Slc3a2,6.145311259864172e-09
Fn1,Slc38a10,6.437034683060006e-09
Slc38a2,Vcan,6.490042392393036e-09
Sec61a1,Serpinh1,6.69924649088216e-09
Col1a1,Slc38a4,6.831360699344202e-09
Man2a1,Serpinh1,7.139309698978025e-09
Cd164,P4hb,7.71471653226996e-09
Crim1,Vasn,7.74478225995523e-09
Lrp1,Thbs1,7.832559822951168e-09
Ldlr,Thbs1,7.890195052873139e-09
Crim1,Nid1,8.011155405718284e-09
Emp1,Pcdh19,8.210066626546109e-09
Atp1a1,Postn,8.339705703797051e-09
Col6a3,Sdc4,8.677698004611045e-09
Fn1,Slc7a1,8.81220996173937e-09
Bgn,Ltbp2,8.829522890607677e-09
Lox,Prss23,8.89106299695186e-09
Col6a3,Postn,9.02470687069723e-09
Fn1,Pcolce,9.12391306950866e-09
Lox,Slit2,9.311466486749964e-09
Ldlr,Nid1,9.668046363486837e-09
Col5a1,Ltbp2,9.978611825722794e-09
Col6a1,Emp1,1.013090678014805e-08
Fbln2,Ltbp2,1.031358920489112e-08
Itgb1,Sec61a1,1.081301892469355e-08
Ctsd,P4hb,1.091470369640746e-08
Clstn1,Pdia6,1.107485680940101e-08
Kctd10,Palld,1.138937399947082e-08
Ddr2,Palld,1.237121660668805e-08
Col5a2,Pdia3,1.242538272272498e-08
Arhgap11a,Cyb5r3,1.335060673124389e-08
Calu,Myadm,1.39685725208949e-08
Col6a1,Serpinf1,1.406750071986096e-08
Ltbp1,Pdia6,1.479784539348827e-08
Clstn1,Nid1,1.488718159858848e-08
Slc38a2,Zfp36l2,1.503095858890191e-08
Nid1,Pxdn,1.533046511958958e-08
Bgn,Itgav,1.552775563684605e-08
Flna,Flnc,1.584941022869657e-08
Cd248,Thbs1,1.602911492426529e-08
Col6a2,Ganab,1.603139110351037e-08
Col6a2,Vcan,1.615595501824885e-08
Ddr2,Kctd10,1.617756040239726e-08
Fbln2,Ganab,1.619635003891062e-08
Itgav,Itgb1,1.626171042268254e-08
Aebp1,Loxl3,1.650319525481336e-08
Loxl3,Tnc,1.68337593864365e-08
Col4a2,P4hb,1.70383143149877e-08
Axl,Col5a2,1.705459318213087e-08
Col1a1,Sfrp2,1.709653152381918e-08
Ganab,Itgb1,1.739197330596909e-08
Nid1,Sec61a1,1.739215838014729e-08
Aebp1,Angptl2,1.741267141586178e-08
Clstn1,Fbln2,1.783988690107208e-08
Fbln2,Stt3a,1.827874573923083e-08
Col4a2,Thbs1,1.842534447238364e-08
Col1a1,Fkbp9,1.914544756065339e-08
Serpine1,Slc38a2,1.948483874247842e-08
Col5a1,Il6st,1.952592521003993e-08
Itgb1,Pdia3,1.987746345299968e-08
Cyb5r3,Dync1li2,2.04508995294006e-08
Nucb1,P4hb,2.083964889543211e-08
Fn1,Serpine1,2.125926257257049e-08
Aqp1,Emp1,2.185177561120355e-08
Adamts1,Thbs1,2.395192666426738e-08
P4hb,Slc7a5,2.427310907826552e-08
Lox,Thbd,2.557924017043689e-08
Emp1,Pdia4,2.597717263519428e-08
Ckap4,Serpinf1,2.599112358669942e-08
Col5a1,Dlk1,2.663416864834289e-08
Emp1,Man2a1,2.671759269379237e-08
Man2a1,P4hb,2.810440802303305e-08
Dag1,Lox,2.843281243780638e-08
Cd109,Thbs1,2.914599039893773e-08
Il6st,Thbs1,2.959034861582666e-08
Fbn1,Ptx3,2.989189484825516e-08
Glg1,Serpinh1,3.05008135415008e-08
Col16a1,Col5a1,3.055903252668912e-08
Loxl3,Pdia3,3.240603807519449e-08
Fkbp10,Nid1,3.254211078385083e-08
Cdh11,Col6a2,3.26941987927043e-08
Col5a1,Fbn1,3.330526909817166e-08
Fbln2,Grn,3.418332505944477e-08
Col1a1,Tmem97,3.92697113715812e-08
Loxl3,Sec61a1,3.952588611966235e-08
Bgn,Npnt,3.96176635941714e-08
P4hb,Vcl,3.988521923847799e-08
Cd248,Serpinh1,4.019154775658507e-08
Col1a1,Grn,4.038080259061161e-08
Emp1,Sec61a1,4.055338909125794e-08
Hspg2,Serpine1,4.110438511784054e-08
Col1a1,Pigt,4.175618184554253e-08
Axl,Col3a1,4.182038670919042e-08
Polr2b,Prpf8,4.185151236679729e-08
Myadm,Ncln,4.194850855565591e-08
Anln,Flna,4.207697457125903e-08
Col1a1,Nucb1,4.278635501453465e-08
Dlk1,Serpinf1,4.350025972765792e-08
Col6a2,Ctsd,4.35350777650001e-08
Pdia6,Sec61a1,4.432421529809716e-08
Aqp1,Col5a1,4.435029343774488e-08
Bgn,Myadm,4.469984704602581e-08
Hspg2,Lrp1,4.51491585229391e-08
Fbln2,Fbn1,4.625238558819689e-08
Col6a1,Ltbp1,4.645256423962962e-08
Fbln2,Hyou1,4.664767605522258e-08
Sdc4,Sec61a1,4.715664125853891e-08
Col5a1,Ctsd,4.782885765219902e-08
Ppp1r15b,Sgk1,4.81370708849127e-08
Emp1,Lamc1,5.096462940556989e-08
Nid1,Plxna1,5.116036849717176e-08
Pxdn,Thbs1,5.142507863986623e-08
Bgn,Emilin2,5.173172956673966e-08
Col1a1,Tpbg,5.215446508000099e-08
Itgb1,Vcan,5.222249566116943e-08
Dhcr24,Sdc4,5.284795934201725e-08
Fbln5,Fn1,5.330819463633674e-08
Pdia4,Thbs1,5.333847286070892e-08
Adamts1,Ldlr,5.401253111436688e-08
Aqp1,Fkbp10,5.434062666509476e-08
Col3a1,Vcan,5.604397923519855e-08
Aebp1,Ltbp1,5.761732846387702e-08
Myadm,Pdia3,5.828753690817479e-08
Axl,Col5a1,5.865385466208295e-08
Cd248,Postn,6.099394311842588e-08
Bgn,Sdc1,6.123612050767946e-08
Fbln2,Hspg2,6.17778850298123e-08
Dhcr24,Postn,6.272437347298876e-08
Nid1,Slc38a10,6.336335123258152e-08
Aebp1,Dhcr24,6.422615861367831e-08
Adamts1,Fbln2,6.437336130815652e-08
Sec61a1,Serpinf1,6.643580074960909e-08
Col6a2,Slc38a10,6.698623522538583e-08
Aebp1,Lamc1,6.775999861208248e-08
Fat1,Nid1,6.801118301869025e-08
Col5a2,Nid1,7.047244487967674e-08
Col6a3,Ganab,7.095767884379711e-08
Lox,Pdia4,7.285783654165101e-08
Ckap4,Slit2,7.390027789710985e-08
Dlk1,Emp1,7.520517464332244e-08
Col5a1,Myadm,7.534771284678499e-08
Col6a2,Npnt,7.545783031748243e-08
Bgn,Ganab,7.574202820492815e-08
Col5a2,Thbs1,7.660619782967615e-08
Ltbp2,Vcan,7.73305568468885e-08
Col6a1,Vcl,7.760854237037762e-08
Nploc4,Utp20,7.800725021489541e-08
Col3a1,Pdia6,7.828400083731424e-08
Crim1,Il6st,7.946979629913642e-08
Adamts1,Hspg2,8.136097484623406e-08
Lox,Man2a1,8.289154451723846e-08
Col6a2,Ltbp1,8.292700204304282e-08
Lox,Ltbp1,8.366702231032974e-08
Col1a1,Hmgcr,8.507225479625902e-08
Lox,Rpn2,8.508930382511437e-08
Atp1a1,Fbln2,8.562319087079828e-08
Npnt,Pdia3,8.728185763029472e-08
Degs1,Pdia6,8.881623814183115e-08
Itgb1,Man2a1,9.290023739172426e-08
P4hb,Ptx3,9.404452039341038e-08
Col5a1,Serpinf1,9.427602465361673e-08
Igfbp6,P4hb,9.501014308632705e-08
Bgn,Wls,9.759430630307264e-08
Fn1,Ptk7,9.795006572499432e-08
Fbln2,Wls,1.034720298331848e-07
Fbn1,Serpine1,1.04168690340245e-07
Col1a1,Sdc1,1.045241304620248e-07
Emp1,Igf2,1.051742397617517e-07
Emp1,Plxna1,1.054960774293789e-07
Bgn,Sfrp2,1.084750510527144e-07
Fn1,Plxnb2,1.086982159836936e-07
Col6a1,Vcan,1.094402786172566e-07
Col6a2,Pcdh19,1.117220507218519e-07
Col1a1,Fads1,1.120359086614897e-07
Col5a2,Lamc1,1.144699334210131e-07
Col6a2,Wls,1.152016707584025e-07
Hspg2,Tnc,1.160692786328354e-07
Lox,Sec61a1,1.163990962504968e-07
Crim1,Serpine1,1.168248784377823e-07
Cyp51,Fbln2,1.174048626095825e-07
Cd248,Pdia3,1.179316330146563e-07
Col6a1,Tnc,1.180375689413538e-07
Col5a1,Sec61a1,1.187802740609811e-07
Lamc1,Lox,1.200078102447932e-07
Lox,Vcl,1.201196763167545e-07
Cdh2,Col1a1,1.201590623667315e-07
Fbln2,Myadm,1.223387137150311e-07
Dlk1,Fn1,1.258023289985033e-07
Col16a1,Emp1,1.269376204149353e-07
Adamts5,Ckap4,1.282655852641312e-07
Cdh11,Col3a1,1.299012548638956e-07
Incenp,Top2a,1.33855700634733e-07
Ctsd,Vcl,1.350263796329187e-07
Ctsd,Nid1,1.364826838212707e-07
Col6a2,Pttg1ip,1.379256173716925e-07
Nid1,Npnt,1.406442889928528e-07
Pcolce,Pdia3,1.409133537633167e-07
Pcdh19,S1pr3,1.456410599898206e-07
Axl,P4hb,1.469619224092611e-07
Nid1,Slc7a1,1.495042621924014e-07
Lrp1,Vcan,1.507967291036749e-07
Thbs1,Timp3,1.52690570853764e-07
Dync1li2,Sh3pxd2a,1.534195560592977e-07
Ckap4,Postn,1.555891614435367e-07
Aebp1,Lrp1,1.572986003672838e-07
Aqp1,Nid1,1.578558234127669e-07
Cdh2,Hspg2,1.584734938830934e-07
Calu,Ganab,1.623754674051625e-07
Col6a2,Vcl,1.625918044645402e-07
Cd248,Pdia4,1.63826018084734e-07
Il6st,Postn,1.719031792468684e-07
Col5a2,Serpinf1,1.765600251557586e-07
Ldlr,Slc38a2,1.857892819590035e-07
Serpine1,Tnc,1.88537316758719e-07
Col6a3,Slc38a2,1.921135867055668e-07
Pcdh19,Tnc,1.946193056712175e-07
Ddr2,Kif1c,1.948269184870455e-07
Crim1,Lox,1.982632648056537e-07
Nid1,Timp3,2.006162309609039e-07
Bgn,Tm4sf1,2.051925264145993e-07
Bgn,Glg1,2.076115090954289e-07
Cd248,Ltbp1,2.093894190258183e-07
Bgn,Flna,2.100135871874187e-07
Col6a3,Wls,2.111342172206321e-07
Glg1,Pdia6,2.128917530042074e-07
Adm,Ier5,2.157366951749395e-07
Calu,Col6a1,2.302845906188011e-07
Col6a2,Yif1b,2.388545263798392e-07
Cd248,Ptx3,2.444465982964772e-07
Cyb5r3,Palld,2.537499553811884e-07
Col6a3,Thbd,2.538189224354781e-07
Fstl1,Pdia6,2.558759469861727e-07
Cdh2,Col5a1,2.603018193214623e-07
Col6a2,Fgfr1,2.624306160159406e-07
Lox,Nucb1,2.639764408174372e-07
Grn,Igf2,2.654473294505522e-07
Fstl1,Man2a1,2.681169889440227e-07
Dlk1,Sec61a1,2.769800874213857e-07
Ptx3,Slc3a2,2.785091772761206e-07
Gns,Ptk7,2.790760168513984e-07
Fn1,Rpn1,2.805117627069365e-07
Fstl1,Postn,2.884758951715582e-07
Fkbp9,Lox,3.003245548915956e-07
Clstn1,Fstl1,3.067570428783029e-07
Nid1,Sdc1,3.073885818105637e-07
Cyp51,Ldlr,3.161021500108774e-07
Ptx3,Stt3a,3.205347919310597e-07
Nid1,Slit2,3.219226347717097e-07
Col6a2,Itgav,3.219263803311279e-07
Emp1,Tmed7,3.245809421237311e-07
Col1a1,Fat1,3.247893632929433e-07
Bgn,Nucb1,3.286495304788417e-07
Cyb5r3,Naa50,3.362032389153669e-07
Col6a3,Ldlr,3.364558746055124e-07
Adamts1,Nid1,3.471124987441954e-07
Axl,Il6st,3.503871949250836e-07
Axl,Wls,3.54015107673078e-07
Col6a3,Lamc1,3.598848928865195e-07
Dlk1,Postn,3.621785776841691e-07
Loxl3,Pdia6,3.697785284639821e-07
Aebp1,Ltbp2,3.700288065955348e-07
Itgb1,Tgfbr3,3.807471747885316e-07
Palld,Sh3pxd2a,3.829899611895726e-07
Col6a3,Lox,3.931901031428708e-07
Col16a1,Col6a3,4.016542544116319e-07
Postn,Thbs1,4.051097592938646e-07
Pdia3,Sdc4,4.098270602881371e-07
Ptx3,Timp3,4.224504804861695e-07
Col5a1,Vcl,4.250468775834904e-07
Pdia4,Rpn2,4.254448493501428e-07
Calu,Sec61a1,4.705151762651738e-07
Pdia3,Thbs1,4.729232497835412e-07
Emp1,Fkbp9,4.908292133842806e-07
Col5a2,Serpinh1,4.914054206883733e-07
Loxl3,Postn,4.976988187133102e-07
Col1a1,Efnb2,5.039297636955098e-07
Kctd10,Sh3pxd2a,5.102700146863981e-07
Adamts1,Ppp1r15b,5.157912441600132e-07
P4hb,Serpinf1,5.205394636442762e-07
Gas1,P4hb,5.242732505905678e-07
Col5a1,Sdc4,5.32399705432951e-07
Glg1,Pdia3,5.401371123703314e-07
Itgb1,Pxdn,5.439345639457471e-07
Col6a1,Nucb1,5.457767678906933e-07
Col1a1,Wls,5.464603460847428e-07
Fbn1,Lrp1,5.490693020249182e-07
Col5a1,Nucb1,5.491151127134941e-07
Bgn,Col6a3,5.652369486908171e-07
Bgn,Emb,5.673538507888765e-07
Cyp51,Lrp6,5.682312756993824e-07
Fkbp9,Serpinh1,5.749479644601152e-07
Igf2,Lrp1,5.793317980895551e-07
Timp3,Tnc,5.858111618017858e-07
Sqle,Thbs1,5.888385657959461e-07
Sdc4,Timp3,5.908309536062362e-07
Aebp1,Wls,5.966078890917714e-07
Prc1,Smyd5,5.975041916794765e-07
Ldlr,Pcdh18,6.018493479142961e-07
Dynll2,Kctd10,6.130293760397976e-07
Hmgcr,Pcdh18,6.189226700037409e-07
Psme3,Tln1,6.191625624429875e-07
Serpinf1,Wls,6.30252256050845e-07
Loxl3,Ptk7,6.388159232706414e-07
Col6a3,Slit2,6.543901565070342e-07
Thbd,Zfp36l2,6.587646634859112e-07
Aebp1,Ptx3,6.60695838927694e-07
Hspg2,Ptx3,6.625042657804059e-07
Col5a2,Npnt,6.662288536407601e-07
Adm,Ncln,6.689677519711168e-07
Col5a1,Serpine1,6.742223112032875e-07
Dhcr24,Emp1,6.746176089977851e-07
Il6st,Sdc4,6.888071458766021e-07
Ncbp1,Tnks,6.898738207361532e-07
Ckap4,P4hb,6.940511046993336e-07
Col6a3,Fbn1,7.03640969379471e-07
Fn1,Srebf2,7.052009415309257e-07
Adamts5,Col6a3,7.075080947771539e-07
Postn,Vcl,7.162101551827504e-07
Col3a1,Ctsd,7.280858728142547e-07
Man2a1,Pdia3,7.371970616176782e-07
Nucb1,Serpinh1,7.433679209967181e-07
Aebp1,Il6st,7.440379012901843e-07
Col3a1,Rpn2,7.451017808302041e-07
Col5a1,Hyou1,7.4623581247657e-07
Myadm,Postn,7.484803506985216e-07
Serpinh1,Vcan,7.56959496528431e-07
Ckap4,Emp1,7.610218741849195e-07
Cyp51,Slc2a1,7.732000341098555e-07
Col5a1,Hspg2,7.762365350494349e-07
Atp1a1,Nid1,7.810052243817367e-07
Adm,S1pr3,7.975985630848115e-07
Col1a1,Degs1,8.164383358266747e-07
Itgb1,Postn,8.184888288242931e-07
Lox,Slc38a4,8.227336880661795e-07
Itgb1,Tmem109,8.30887900926669e-07
Fstl1,Serpinh1,8.347859078439157e-07
Actn1,Snd1,8.409127197905875e-07
Fn1,Pigt,8.478856614591024e-07
Pdia4,Sdc4,8.513102442986309e-07
Igf2,Slc38a10,8.634598205325972e-07
Chpf,Igf2,8.78264562853559e-07
Elovl1,Itgb1,8.837533446159895e-07
Fat1,Vcan,8.896820112846981e-07
P4hb,Qsox1,8.978637139334111e-07
Col3a1,Col4a2,9.068591929617398e-07
Ctsd,Timp3,9.130626832387634e-07
Il6st,Itgb1,9.200784548690777e-07
Col3a1,Col6a1,9.24945495195395e-07
Col1a1,Emilin2,9.252580337459904e-07
Pdia4,Stt3a,9.259292796937046e-07
Sec61a1,Tnc,9.325509326973958e-07
Dlk1,Timp3,9.402503468036727e-07
Plec,Timp3,9.442210804344597e-07
Fn1,Tpbg,9.456399380214364e-07
Lox,Rpn1,9.627553444468973e-07
Cyp51,Serpine1,9.645559474469323e-07
Axl,Calu,9.650401298078037e-07
P4hb,Stt3a,9.83163524703734e-07
Cdh11,Serpinh1,9.83177090185805e-07
Nid1,Serpinf1,9.849179325449597e-07
Bgn,Slc7a5,1.004954158112525e-06
Cdk1,Hnrnpd,1.016659626484895e-06
Efnb2,Nid1,1.017963846328129e-06
Hspg2,Il6st,1.035538817251158e-06
Npnt,Sdc4,1.04406686973757e-06
Col5a1,Rpn2,1.045501059504517e-06
Cd44,Slco2a1,1.053046106314071e-06
Col6a3,Stt3a,1.054063610506084e-06
Calu,Ncln,1.054308026660067e-06
Adamts1,Col3a1,1.063015781843646e-06
Fbln2,Sdc1,1.070167329642047e-06
Prss23,Serpine1,1.071861476908964e-06
Adam9,Col5a1,1.079881130183757e-06
Cd44,Cyp51,1.085149779922467e-06
Bgn,Col16a1,1.086415955198206e-06
Aebp1,Fbn1,1.090149334470603e-06
Crim1,Thbs1,1.100585621194305e-06
Nid1,Rpn1,1.106513977111589e-06
Hspg2,Vasn,1.107528288746273e-06
Calu,Ctsd,1.124190148749094e-06
Dlk1,Pdia6,1.129005961497676e-06
Cdh11,Nid1,1.139827228491264e-06
Ptx3,Scarf2,1.140415772815651e-06
Chd1,Dcakd,1.155938246122368e-06
Dlg1,Msh2,1.185594932784362e-06
Cdc37,Tln1,1.185612320764307e-06
Cd248,Pdia6,1.192245830172745e-06
Cyp51,Thbd,1.208236743099889e-06
Ctsd,Emp1,1.211463300676563e-06
Col4a2,Fat1,1.226871745307889e-06
Cd248,Crim1,1.236830696860203e-06
Cd248,Sdc4,1.255936391886259e-06
Col16a1,Loxl3,1.265995155375066e-06
Sec61a1,Vcl,1.27448483966397e-06
Chpf,Col6a2,1.301085314819872e-06
Col6a1,Timp3,1.315447856753416e-06
Fn1,S1pr3,1.336170014409888e-06
Axl,Timp3,1.351687146433633e-06
Pdia6,Slc38a10,1.367958248232881e-06
Col6a2,Man2a1,1.368179311622697e-06
Col5a2,Col6a3,1.394546864097457e-06
Sec61a1,Thbs1,1.401647392706984e-06
Atp1a1,Col1a1,1.413731724797529e-06
Atp1a1,Emp1,1.433321658139697e-06
Mogs,Plxnb2,1.440951460596196e-06
Dnmt1,Setd3,1.441576991667581e-06
Ncln,Serpinh1,1.469502959094982e-06
Fstl1,Thbs1,1.478024149625945e-06
Npnt,P4hb,1.481285379911768e-06
Fbln2,Pxdn,1.496844264314845e-06
Dhcr24,Nid1,1.503040446215742e-06
Col6a1,Myadm,1.50979890534142e-06
Cd248,Qsox1,1.52150252119565e-06
Man2a1,Plxna1,1.526423348163775e-06
Adam9,Gorasp2,1.531415238509304e-06
Col4a2,Il6st,1.536342815633418e-06
Man2a1,Nid1,1.551210477845899e-06
Itgav,Nid1,1.570919495152978e-06
Fbln2,Lbr,1.610895715042915e-06
Crim1,Slc3a2,1.625692915951937e-06
Cd44,Postn,1.629214666842849e-06
Bgn,Colec12,1.6444858449427e-06
Adm,Man2a1,1.654404373607754e-06
Fn1,Scarf2,1.747611348856815e-06
