opc,mye,opc_n,mye_n,opal,lx,ly,rep,d
0.46748881667481373,0.26352313834736496,39,3,0,7863.4,15473.9,rep2,-0.20396567832744877
0.4193073326795481,0.535320914268497,42,38,5,19455.0,14457.3,rep2,0.11601358158894892
0.2924318885464914,0.6490185926201276,25,21,0,23267.8,13796.3,rep2,0.35658670407363624
0.36622400842565467,0.6948190400287001,52,35,0,22216.5,15938.8,rep2,0.32859503160304543
0.4138954537563623,0.700533230111616,45,9,0,23228.5,15767.0,rep2,0.28663777635525367
0.8246469502428009,0.6264547770308114,35,55,0,21426.3,15897.2,rep2,-0.19819217321198945
0.31906525087592374,0.5645302980643836,47,10,0,21441.0,11984.1,rep2,0.24546504718845985
0.5071770791549359,0.5608499175318996,52,14,8,35925.3,15845.2,rep2,0.05367283837696368
0.5234043808099693,0.33594872240975615,7,15,11,15716.3,8036.6,rep2,-0.18745565840021317
0.2854482073134965,0.29045998826389535,11,36,24,15550.3,7172.7,rep2,0.005011780950398836
0.42697541175871395,0.7025662551446415,35,13,0,19436.6,16182.3,rep2,0.2755908433859276
0.47199998759113504,0.5223817645127161,52,7,0,23290.1,18006.4,rep2,0.05038177692158108
0.4695215968211094,0.4479882002735181,61,5,0,32702.7,7964.0,rep2,-0.021533396547591288
0.3836322968377996,0.6135318668404017,38,15,12,34873.9,18255.2,rep2,0.22989957000260214
0.4280835341834872,0.4301863778581983,35,29,12,34913.5,19637.8,rep2,0.0021028436747110857
0.3388996313785796,0.571111884434294,40,5,0,2058.0,11975.1,rep2,0.23221225305571436
0.4309199934417632,0.5587370004008605,48,8,0,3938.0,10957.5,rep2,0.1278170069590973
0.42782586932558514,0.49928149730982385,50,6,0,19387.1,8227.9,rep2,0.07145562798423871
0.36461085199880383,0.3638760980472175,28,18,0,33030.0,12042.0,rep2,-0.0007347539515863422
0.3433829384943317,0.5181511353631315,41,7,3,31096.2,10043.9,rep2,0.1747681968687998
0.4223620010673165,0.34581416638589674,5,18,13,31073.6,10181.4,rep2,-0.07654783468141974
0.256984798389622,0.5393776046206965,42,10,0,31031.7,11793.8,rep2,0.2823928062310745
0.388028341745813,0.4257807586572937,49,9,5,34868.5,9274.2,rep2,0.03775241691148068
0.46359741347666894,0.5663299867606493,40,3,0,22545.1,23950.1,rep2,0.10273257328398033
0.45977231783205674,0.27686803533758525,20,46,37,29696.1,4025.8,rep2,-0.1829042824944715
0.32954195249036666,0.5347533728109932,31,8,7,15179.6,8035.5,rep2,0.20521142032062656
0.43500136891708546,0.5081751925305339,59,10,0,18707.3,19942.8,rep2,0.07317382361344843
0.5483846963017233,0.5446971493214012,54,9,0,27213.4,5442.0,rep2,-0.0036875469803220318
0.39991062007677936,0.7437622487127162,68,26,2,30976.6,18688.7,rep2,0.3438516286359369
0.3550230409515762,0.6356874753836012,49,12,0,30978.2,19051.4,rep2,0.28066443443202493
0.35352774051118274,0.6960271969151339,63,22,4,31062.8,19358.0,rep2,0.3424994564039512
0.45723883219042294,0.4310991189592794,58,11,11,18899.7,23870.0,rep2,-0.026139713231143558
0.34504780653580713,0.6669453638680709,44,6,0,33841.8,23924.2,rep2,0.3218975573322638
0.5856658799239721,0.39753006062353524,24,7,4,11670.7,15523.2,rep2,-0.18813581930043688
0.4462164035971449,0.6070657287694662,74,10,0,7779.4,4183.9,rep2,0.1608493251723213
0.4391165742195438,0.6047625363029808,37,4,0,23257.2,5841.5,rep2,0.16564596208343701
0.42252354415204363,0.6021178674974216,72,8,0,23359.0,5965.6,rep2,0.17959432334537795
0.3497308752317243,0.5072795944541894,29,13,0,27471.1,19913.8,rep2,0.15754871922246505
0.39259708822968337,0.7264219475042054,51,19,0,27211.2,16410.5,rep2,0.33382485927452205
0.4498901334840019,0.5923845662958652,44,8,0,7828.1,10070.8,rep2,0.1424944328118633
0.5128040348805091,0.5721521724394304,53,7,0,27150.5,21629.6,rep2,0.05934813755892132
0.5081856331319271,0.6192093064029107,28,5,0,20845.4,4091.3,rep2,0.11102367327098361
0.535010321321187,0.6436269856429656,39,23,0,27060.7,15940.0,rep2,0.10861666432177863
0.5060710160625279,0.5130200858696587,24,6,1,39338.9,15878.6,rep2,0.0069490698071308366
0.40236539977190444,0.61821672155126,70,6,0,41086.1,15895.0,rep2,0.2158513217793555
0.36510344721861,0.5986739510389684,63,13,0,38463.7,7957.4,rep2,0.23357050382035838
0.3785959687848898,0.5148739332676695,66,8,0,4746.2,13808.5,rep2,0.13627796448277968
0.8416586016394724,0.4081895704644873,3,25,12,5774.7,14503.0,rep2,-0.4334690311749851
0.3412975545979354,0.7356883449463384,50,16,0,22609.1,14630.1,rep2,0.39439079034840296
0.4182352251772383,0.6687048573960612,63,17,0,23101.2,14010.2,rep2,0.2504696322188229
0.4450590149808544,0.6121928043947493,50,16,0,22880.4,12663.3,rep2,0.16713378941389495
0.4466485899730856,0.5550104662580764,47,9,0,23164.8,12565.2,rep2,0.10836187628499078
0.491021506573736,0.7278608773215036,57,33,0,21340.4,13761.1,rep2,0.23683937074776762
0.4752339581986919,0.6023391342348083,68,20,0,21859.4,12549.2,rep2,0.12710517603611643
0.8029242104240674,0.47605343850114323,7,47,3,21808.9,14143.6,rep2,-0.32687077192292413
0.5179872184287235,0.5935839098427558,47,13,0,21687.8,15457.5,rep2,0.07559669141403225
0.415608873183898,0.740383082411833,42,29,0,21923.1,15058.9,rep2,0.32477420922793504
0.35392428620072014,0.6614698143106793,66,25,0,22016.5,15487.5,rep2,0.30754552810995917
0.4646933469841781,0.5679524512343176,9,27,2,21256.7,14331.7,rep2,0.10325910425013951
0.39221862696168863,0.6268506083535277,40,12,0,20135.8,14753.8,rep2,0.23463198139183905
0.9785333426910814,0.5251902409103824,6,29,14,19836.8,14065.6,rep2,-0.45334310178069903
0.3544072112056631,0.6800521061541831,61,17,0,20668.4,13430.1,rep2,0.32564489494852
0.45339864549561704,0.4014980221561359,56,10,1,20360.5,13028.4,rep2,-0.051900623339481144
0.37739576988128504,0.6811964941825156,60,22,0,20840.1,12964.9,rep2,0.30380072430123056
0.3080827727055393,0.6964945553313535,31,28,0,20767.8,15354.5,rep2,0.3884117826258142
0.5014647503173997,0.6227333368023146,44,19,0,21425.1,15645.3,rep2,0.1212685864849149
0.3819817849362881,0.7417898451171276,68,17,1,20439.9,12333.4,rep2,0.35980806018083955
0.4658225317591636,0.515843086638993,9,20,25,26714.1,25040.9,rep2,0.050020554879829426
0.338128849394751,0.3002099468080132,8,19,14,26290.2,25673.2,rep2,-0.0379189025867378
0.5695879413773558,0.2678935578011847,18,24,17,24955.9,24273.6,rep2,-0.3016943835761711
0.7296077354226782,0.3006261376189335,4,29,29,25706.9,24938.9,rep2,-0.42898159780374473
0.5307814191776863,0.43660165609651813,30,10,3,25807.2,24534.9,rep2,-0.09417976308116816
0.35239084910967355,0.592648131708321,40,7,0,24423.6,26424.5,rep2,0.24025728259864743
0.4170017024922041,0.6137130756484673,63,5,0,33855.0,3848.3,rep2,0.19671137315626325
0.5287223886194226,0.4696386186092353,44,4,0,38479.6,14648.3,rep2,-0.059083770010187275
0.5617373898668351,0.6831019167024942,37,5,1,38399.9,15145.6,rep2,0.12136452683565913
0.6356315656195675,0.46073372638669446,12,12,7,37932.5,15089.5,rep2,-0.174897839232873
0.38953553184429845,0.5065543700236864,41,6,0,36339.3,14113.4,rep2,0.11701883817938796
0.572768337171979,0.5260473710446691,10,42,29,35607.7,12802.5,rep2,-0.046720966127309804
0.922141816827406,0.24842290167499237,11,21,21,35670.7,14569.6,rep2,-0.6737189151524137
0.8833555973811666,0.33121098495512963,14,21,28,35764.6,14581.6,rep2,-0.552144612426037
0.6801678400705109,0.3059975951207646,16,36,34,35738.6,14953.1,rep2,-0.3741702449497463
0.5241091484605047,0.22522972610306566,5,20,18,35255.0,15053.8,rep2,-0.29887942235743903
0.48553018788405017,0.5743634842334026,8,21,19,35275.0,13703.6,rep2,0.08883329634935239
0.5632270941069951,0.45020170695068523,45,23,26,35491.5,12460.2,rep2,-0.11302538715630989
0.3645686786838618,0.461985025760431,32,8,0,6763.7,16749.6,rep2,0.09741634707656921
0.4788675672704963,0.5157780016238981,30,28,6,7482.0,18213.8,rep2,0.0369104343534018
0.42941572067456685,0.5293705047675775,62,8,0,10241.3,28242.4,rep2,0.09995478409301067
0.6939073618957959,0.4240777537837828,9,21,9,9785.3,28391.5,rep2,-0.2698296081120131
0.49064741964235087,0.5931571140822582,57,5,0,19266.9,6230.0,rep2,0.10250969443990737
0.5135040167755676,0.2923882554677288,18,22,17,19167.4,5242.9,rep2,-0.22111576130783878
0.47138325477311194,0.5635477050925282,42,8,0,19251.7,4809.9,rep2,0.09216445031941622
0.4211043463576405,0.5297654716704356,34,6,0,18316.2,4888.2,rep2,0.10866112531279515
0.7805148222178765,0.3874871446220607,18,17,5,17003.4,7727.2,rep2,-0.3930276775958158
0.5251572939229405,0.43550782641103236,19,10,0,17429.0,7065.9,rep2,-0.08964946751190817
0.6453092653841943,0.4312477880228097,19,15,14,18003.8,6042.0,rep2,-0.2140614773613846
0.7067324762071334,0.2534324027549173,15,16,1,17019.9,6623.4,rep2,-0.4533000734522161
0.4581054348588911,0.6611608644375923,61,12,3,17023.5,7239.7,rep2,0.20305542957870115
0.33989196219044215,0.5258127010065498,32,7,0,18070.0,6781.8,rep2,0.1859207388161076
0.39285182526364876,0.4409024350098321,78,4,0,18120.3,7033.5,rep2,0.04805060974618336
0.2940098095204955,0.31879737185306173,36,10,1,15924.2,7747.0,rep2,0.024787562332566238
0.4604100131575568,0.579955958260966,24,19,23,15716.6,6676.2,rep2,0.11954594510340921
0.8537938398680318,0.41599830408858857,8,29,12,15776.0,6837.7,rep2,-0.43779553577944325
0.37408512071922656,0.69300111463383,63,19,0,15815.7,5705.1,rep2,0.3189159939146034
0.45158931763735255,0.5491651564138783,80,4,0,15978.1,5364.1,rep2,0.09757583877652576
0.42324782666472216,0.5154507929084368,54,11,0,21902.5,16111.3,rep2,0.0922029662437146
0.6759129387883364,0.5842149144305943,13,21,7,21316.1,19586.6,rep2,-0.0916980243577421
0.4866143703420558,0.5317190537158657,49,10,7,21250.7,17427.8,rep2,0.045104683373809906
0.3650928350926006,0.6314998012360535,42,30,0,21080.1,16593.0,rep2,0.26640696614345294
0.6282248962092604,0.6356256593958314,14,32,3,20766.7,16991.4,rep2,0.007400763186571013
0.3543234843055168,0.6464969385573288,54,17,1,21559.2,16721.5,rep2,0.292173454251812
0.442036225794901,0.5040395701632086,53,11,1,20501.3,18990.4,rep2,0.06200334436830757
0.608606181261583,0.5877245929794137,26,19,2,20751.7,17929.1,rep2,-0.02088158828216924
0.4753588548257163,0.5143645503640799,46,9,0,20777.2,17620.6,rep2,0.03900569553836358
0.5763655516356463,0.336517575153392,8,26,12,22199.7,17765.4,rep2,-0.2398479764822543
0.43975916053722414,0.6663687204629454,16,5,0,22114.5,17913.6,rep2,0.22660955992572124
0.2966143331762008,0.8155355049472011,33,10,0,21931.2,17985.4,rep2,0.5189211717710003
0.31417230105550975,0.5156416279650297,50,6,2,21797.2,18194.8,rep2,0.2014693269095199
0.30730711597242516,0.6509080994412751,57,24,0,20249.7,17703.1,rep2,0.34360098346885
0.3597988963729213,0.5123164011985488,35,21,0,19716.5,19605.8,rep2,0.15251750482562754
0.41671458878423484,0.7946509472565019,32,8,0,19629.5,17434.3,rep2,0.37793635847226703
0.6574907778820118,0.6962098447695033,11,20,2,19922.3,19134.6,rep2,0.03871906688749149
0.897076057591746,0.5311690938583727,7,39,8,19717.6,16127.5,rep2,-0.3659069637333733
0.5743662449593878,0.6361570803994674,30,10,0,31342.1,7565.9,rep2,0.06179083544007957
0.51120259450285,0.4414070807405104,38,19,20,35323.0,19098.5,rep2,-0.06979551376233961
0.4997938747043449,0.6300172248944971,45,5,0,35856.0,19743.2,rep2,0.1302233501901522
0.34357662181263593,0.5025421916560261,11,8,1,35505.3,19486.2,rep2,0.15896556984339016
0.247379375125089,0.3351343932270727,34,6,0,36856.9,18848.8,rep2,0.08775501810198372
0.35972483676082073,0.5487444084058508,28,16,12,36045.2,17890.5,rep2,0.18901957164503008
0.6390147282747671,0.377305765826438,19,35,31,35466.6,17287.0,rep2,-0.26170896244832914
0.3685778685104613,0.60665678007943,80,13,0,3165.2,9299.0,rep2,0.2380789115689687
0.5577400388260504,0.3452513848490043,42,13,8,7135.2,23177.9,rep2,-0.21248865397704608
0.6783926306042695,0.33449600193047313,12,14,9,6951.4,20013.9,rep2,-0.34389662867379633
0.4229962884745653,0.41309935092372985,52,5,2,19033.1,11108.2,rep2,-0.009896937550835427
0.6579049043196704,0.4617943580514746,11,38,8,19084.6,11074.4,rep2,-0.1961105462681958
0.618168238878732,0.48602205864854253,23,20,7,19260.4,11417.7,rep2,-0.13214618023018943
0.436631606775142,0.7523931229978051,54,7,0,18828.5,10641.2,rep2,0.31576151622266313
0.314985912842251,0.4255908846233376,51,6,6,19290.4,10904.9,rep2,0.11060497178108658
0.286077157094027,0.30269365739967447,27,25,13,17071.0,11468.4,rep2,0.016616500305647486
0.6041106056884935,0.3143067985709258,4,18,1,18082.9,11073.4,rep2,-0.2898038071175677
0.43678325918328625,0.3344199852513695,27,21,4,17416.2,9979.0,rep2,-0.10236327393191674
0.7215540950467669,0.2512922151167276,5,18,10,16281.9,11245.5,rep2,-0.4702618799300393
0.4864848650125888,0.6584311789323047,60,6,1,16297.3,10973.9,rep2,0.17194631391971593
0.651101877877305,0.5034451638513113,24,13,9,16703.1,10905.3,rep2,-0.14765671402599367
0.5602766512135356,0.8130360028332578,19,3,0,18183.7,9472.5,rep2,0.2527593516197222
0.6229361995993722,0.4029320766766818,6,18,7,16078.5,10205.2,rep2,-0.2200041229226904
0.38234322491241185,0.4406189028317513,63,6,0,15908.0,9858.5,rep2,0.058275677919339464
0.5128703682757781,0.19068713427256145,41,4,0,16222.3,11455.7,rep2,-0.3221832340032167
0.3530144088710105,0.594215084125943,32,7,0,15655.5,11505.5,rep2,0.24120067525493255
0.4476182625089515,0.561456364458274,52,4,0,22351.6,20449.1,rep2,0.11383810194932248
0.6542841825267539,0.5279793544863307,15,18,9,21452.1,20151.0,rep2,-0.1263048280404232
0.30070146685723625,0.4176467752413459,66,6,0,20411.4,23303.8,rep2,0.11694530838410966
0.5709007913328562,0.5116322279851729,12,33,12,19958.9,22254.8,rep2,-0.05926856334768327
0.4262810827152615,0.559562580560724,51,6,0,33368.2,8635.1,rep2,0.13328149784546256
0.46524315019513046,0.34138432380641126,33,19,7,33160.4,10234.8,rep2,-0.1238588263887192
0.31166289027645866,0.6825588148086155,36,10,5,33640.8,10529.8,rep2,0.3708959245321568
0.47057094259701726,0.35659380891148484,20,22,27,32025.1,10248.8,rep2,-0.11397713368553242
0.30005398134602673,0.3822865182504447,59,6,0,32781.5,8160.6,rep2,0.08223253690441795
0.3926562716798051,0.5729231998819306,44,10,5,34180.4,11011.5,rep2,0.18026692820212553
0.3760542524365178,0.737567764851623,26,10,5,31163.3,11370.9,rep2,0.3615135124151052
0.2796517537102933,0.25381399888523887,47,18,22,31735.4,9415.7,rep2,-0.02583775482505446
0.4144712974394938,0.6486647459878959,28,29,12,31287.0,10747.1,rep2,0.23419344854840213
0.410993008617453,0.27243265711948167,34,16,3,31663.7,10043.8,rep2,-0.13856035149797136
0.28588359122197426,0.3614654420455726,20,42,28,32105.0,10054.1,rep2,0.07558185082359836
0.32682460135125774,0.3267887617167632,6,26,13,31339.1,8463.0,rep2,-3.5839634494549966e-05
0.3893962749766816,0.4941005747076331,34,4,0,37750.9,22325.8,rep2,0.10470429973095147
0.31593776823337116,0.24447954958302348,54,25,29,35251.1,22648.3,rep2,-0.07145821865034768
0.5804137062931606,0.6110917328461136,80,6,2,35422.4,22178.8,rep2,0.03067802655295304
0.4268431272479017,0.5889407417276773,43,5,0,3295.8,12589.7,rep2,0.1620976144797756
0.4427323288889573,0.6379126932806755,64,30,0,18918.9,12488.6,rep2,0.19518036439171815
0.4850152255194056,0.7193979097357214,49,11,0,18726.6,14974.8,rep2,0.23438268421631575
0.46513296145667166,0.6526932876908276,63,15,0,18053.1,13259.0,rep2,0.18756032623415592
0.507471509053072,0.5349377085592869,46,71,0,19108.6,13452.2,rep2,0.027466199506214872
0.384131840256252,0.735016302163249,60,18,0,19180.6,13206.3,rep2,0.35088446190699696
0.36323145179490013,0.7460469588202555,62,28,0,16929.7,14528.9,rep2,0.3828155070253554
0.39686558163281643,0.6465005613582762,48,23,2,17293.8,14084.4,rep2,0.24963497972545973
0.34942235356267687,0.678180242208651,54,18,0,17098.3,15578.1,rep2,0.32875788864597416
0.3885887685484534,0.6998722055673839,49,26,0,17301.6,13629.3,rep2,0.3112834370189305
0.34062185682645013,0.7453943163295456,33,17,0,15789.6,12639.9,rep2,0.4047724595030954
0.7592375730940292,0.4580903011667503,10,41,17,15747.2,12810.2,rep2,-0.30114727192727886
0.5821826684235566,0.6102426396294467,5,31,6,17762.8,14405.6,rep2,0.0280599712058901
0.34174378790663096,0.7156049573150924,44,37,0,17581.6,14910.4,rep2,0.3738611694084615
0.5042522187965506,0.6148518292713522,57,21,0,16178.4,13803.9,rep2,0.1105996104748016
0.4243494113391736,0.598833526139859,43,27,0,16923.3,12222.2,rep2,0.17448411480068537
0.6186517737185216,0.52831466372035,16,33,18,22814.7,24817.4,rep2,-0.09033710999817168
0.3654598706702845,0.34487683580762235,11,19,16,20882.5,26820.7,rep2,-0.020583034862662164
0.6018624092275122,0.3978604645254051,53,9,3,21681.0,24602.4,rep2,-0.20400194470210714
0.922213221953401,0.3776073565346282,7,33,25,22099.6,24863.1,rep2,-0.5446058654187729
0.4859408152268141,0.5838774195461325,35,13,3,19876.0,25962.8,rep2,0.09793660431931839
0.4775402626545823,0.38934135409454357,43,6,0,27532.8,3817.2,rep2,-0.08819890856003876
0.5239499349746617,0.6871337797234035,40,5,3,34655.5,14771.0,rep2,0.1631838447487418
0.7239049875104403,0.46281280294666854,10,34,29,34723.9,12976.0,rep2,-0.26109218456377176
0.404664532933897,0.6929046300317802,29,6,0,34283.8,14426.4,rep2,0.2882400970978832
0.5899399247445761,0.4356188013471654,17,27,10,33218.1,14722.3,rep2,-0.15432112339741072
0.644649776174792,0.5432171238492822,8,21,1,32305.8,13722.2,rep2,-0.1014326523255098
0.312000715475472,0.6580465782225069,32,7,0,34185.4,15834.0,rep2,0.3460458627470349
0.4967400292198578,0.3064850852572856,16,22,7,33218.5,12520.8,rep2,-0.1902549439625722
0.32038484937267675,0.3838622010874064,33,22,1,32810.8,14218.2,rep2,0.06347735171472962
0.25279334740070214,0.6221088087088842,39,17,1,31569.8,13248.8,rep2,0.36931546130818205
0.4241157416560415,0.6257126150794872,31,16,0,32050.6,13437.7,rep2,0.20159687342344568
0.506056432878586,0.6567832644225714,48,12,0,31791.5,14929.0,rep2,0.15072683154398536
0.5010347503882244,0.7067890741760725,55,22,1,31273.0,15225.7,rep2,0.20575432378784808
0.35233110708976484,0.4447331424568627,33,7,0,32961.6,12414.7,rep2,0.09240203536709785
0.5232130760854578,0.5895493131645847,3,26,9,31274.8,14161.6,rep2,0.06633623707912695
0.489832776720882,0.6836894565909287,56,16,0,31387.2,14253.1,rep2,0.19385667987004673
0.857255142717085,0.5803354588133172,12,30,16,31609.1,14338.1,rep2,-0.27691968390376787
0.4341231228099603,0.7675368617077779,63,6,0,32480.5,15106.7,rep2,0.3334137388978176
0.8124491188717909,0.5577449716844809,8,18,0,31740.7,15026.1,rep2,-0.25470414718731005
0.5295092391868392,0.5024896539676873,51,5,0,37046.2,24743.0,rep2,-0.02701958521915193
0.8766746887627562,0.4477087944483263,6,13,2,35336.3,27488.4,rep2,-0.42896589431442994
0.4380405613490884,0.5106797853055319,43,7,0,12604.9,7605.6,rep2,0.07263922395644351
0.3986552717538445,0.6127609585186933,50,5,0,12538.1,5773.5,rep2,0.21410568676484876
0.915579809144978,0.6675458525639726,8,32,8,19147.4,18744.4,rep2,-0.24803395658100547
0.2537147409141871,0.5756336067824837,33,19,0,18488.9,18957.3,rep2,0.32191886586829654
0.7944682821708715,0.6778628605582134,10,17,0,18698.8,16799.7,rep2,-0.11660542161265808
0.32801324102314305,0.6283261616087292,55,52,0,17799.3,17265.2,rep2,0.3003129205855862
0.3513971314272921,0.7305893780164278,62,36,0,18376.2,16794.3,rep2,0.37919224658913564
0.4352576403524324,0.6251968712449247,61,21,0,18509.0,17053.6,rep2,0.18993923089249232
0.5109395519971166,0.501547032119598,3,44,10,18607.1,17064.7,rep2,-0.009392519877518657
0.32774791253482966,0.5840206375629584,53,23,0,18073.3,19122.8,rep2,0.25627272502812876
0.5646765575285231,0.47521715184339475,7,29,2,17920.6,18045.5,rep2,-0.08945940568512833
0.3288069330236658,0.6876644510229463,34,28,0,18241.7,18270.7,rep2,0.35885751799928045
0.7796166054484799,0.5789232043597823,10,34,4,17479.4,17335.0,rep2,-0.2006934010886976
0.3345502749823166,0.5992113754465191,20,55,3,17224.5,16339.5,rep2,0.26466110046420255
0.4334249137682681,0.664261865508267,61,31,1,17247.6,16649.0,rep2,0.23083695173999896
0.4606777847886343,0.7399493864889205,67,23,1,17538.5,16860.5,rep2,0.2792716017002862
0.33937911384152436,0.6172995234852936,41,16,0,17065.8,18519.5,rep2,0.27792040964376924
0.6933675923262669,0.5349927858556816,6,27,10,17630.6,18690.4,rep2,-0.15837480647058533
0.5813499804109851,0.5893350918172596,36,15,0,16085.7,19371.9,rep2,0.007985111406274559
0.8526584489387667,0.5676241100517814,25,54,8,16881.2,17648.8,rep2,-0.28503433888698537
0.3973111433197554,0.7276817700585633,61,31,0,17024.1,17421.5,rep2,0.33037062673880785
0.4445790792908134,0.759468249206186,56,25,0,18149.6,16324.6,rep2,0.31488916991537264
0.47837736089900573,0.6744094932674842,43,18,0,16234.8,16592.7,rep2,0.1960321323684785
0.34282132499572604,0.5334277786646071,49,46,0,15716.0,18688.3,rep2,0.19060645366888107
0.35439662858390836,0.6663126340490977,46,26,0,16729.6,18943.8,rep2,0.3119160054651893
0.5493498063731651,0.5851672779034094,45,25,10,16241.7,18974.1,rep2,0.03581747153024428
0.6266529724101333,0.5445900937068033,13,53,8,16034.0,19338.8,rep2,-0.08206287870332996
0.378897995975158,0.6527797786193114,42,11,0,16049.7,18305.9,rep2,0.27388178264415336
0.36824983850203347,0.6613458960018478,41,18,0,18779.3,16157.9,rep2,0.2930960574998143
0.47104819514885865,0.718050382178124,39,15,0,19256.6,16633.8,rep2,0.24700218702926535
0.4452922459859679,0.3960883199037502,57,3,0,21947.7,31047.8,rep2,-0.049203926082217686
0.4430867306046017,0.46728152364276504,33,14,3,20882.3,31283.5,rep2,0.024194793038163354
0.7707144709219653,0.34868958859468274,7,24,11,20262.0,28317.6,rep2,-0.4220248823272826
0.3533842764175795,0.5150917025137117,46,8,0,28716.0,7523.9,rep2,0.1617074260961322
0.4004273686998263,0.3233445445400076,50,5,1,29444.7,6944.2,rep2,-0.07708282415981871
0.3206700610928402,0.31153179776309464,40,9,0,29932.3,6463.5,rep2,-0.009138263329745544
0.35477684018566424,0.4404243096287906,40,10,0,29706.0,5499.9,rep2,0.08564746944312635
0.3648565387982621,0.506581256520778,51,5,0,30391.8,6850.5,rep2,0.14172471772251594
0.33717835230147586,0.5761019595088908,40,5,1,29223.7,5117.8,rep2,0.2389236072074149
0.9494900470616765,0.32731336987458454,4,28,5,29510.0,5044.9,rep2,-0.622176677187092
0.42202605283452543,0.55924556690682,32,3,0,29527.4,4505.3,rep2,0.1372195140722946
0.39896525618858186,0.6226921464397673,44,6,0,30277.2,6298.1,rep2,0.22372689025118547
0.43745286856921484,0.6724204927886507,50,8,1,27458.2,7518.1,rep2,0.23496762421943584
0.42248721132803435,0.5918096887365365,56,11,5,27957.3,5683.3,rep2,0.16932247740850215
0.33867649615693624,0.4941044657550564,72,4,0,27865.9,6039.9,rep2,0.15542796959812016
0.40154353722325337,0.4538159818907192,37,6,0,28006.0,4795.4,rep2,0.052272444667465834
0.3816135670343307,0.6065593113103811,54,13,0,28096.5,6692.7,rep2,0.2249457442760504
0.419129811441443,0.5645511491501175,49,7,0,27504.6,6438.4,rep2,0.1454213377086745
0.43358443561839505,0.5248483848595531,42,11,0,27434.8,6803.5,rep2,0.09126394924115805
0.41875376885729654,0.6463277016604371,75,7,0,27330.0,7030.9,rep2,0.22757393280314053
0.47122881142830036,0.7260523792264025,39,6,2,33480.8,17098.4,rep2,0.25482356779810217
0.42450179964602835,0.5701616046074579,39,19,3,33559.2,18469.9,rep2,0.14565980496142955
0.36365032554618987,0.5577726801100786,37,9,0,32915.9,18278.4,rep2,0.19412235456388877
0.6782704563936172,0.2687254745349358,6,37,25,32726.4,16697.5,rep2,-0.4095449818586814
0.3974764518717119,0.6507481868424596,47,15,0,31685.8,19078.1,rep2,0.25327173497074773
0.2978404947159607,0.709049107231364,28,22,0,31574.4,19310.7,rep2,0.41120861251540336
0.3336363236710977,0.7181130725185042,59,19,0,31665.5,17127.2,rep2,0.3844767488474065
0.6028370471904236,0.5299634895370163,9,26,5,32487.8,16252.1,rep2,-0.0728735576534073
0.4857520449923401,0.7394372413095629,37,15,0,31231.5,17033.7,rep2,0.2536851963172228
0.34137360140528533,0.6781621338600087,37,25,4,31155.5,19591.7,rep2,0.33678853245472334
0.3701967554987334,0.6423362015418947,27,36,3,31245.3,16493.3,rep2,0.27213944604316137
0.615999095822279,0.5524150080962675,9,27,15,14259.2,10709.8,rep2,-0.06358408772601143
0.3430501392092239,0.3572553494639319,35,20,7,12922.4,8134.8,rep2,0.014205210254708
0.4062112531124074,0.4672316695354066,28,20,7,15282.3,11573.4,rep2,0.06102041642299921
0.28852152498676326,0.4135943170523267,56,17,6,12995.0,11312.3,rep2,0.12507279206556343
0.4074827913236746,0.778224171776628,40,7,0,12328.3,8639.5,rep2,0.37074138045295335
0.4375182374679209,0.5724197619040258,53,10,0,11968.3,8116.3,rep2,0.13490152443610487
0.30504502598278266,0.6880873395706761,75,21,0,19134.1,22368.6,rep2,0.3830423135878935
0.25604350390132014,0.7650062882000381,44,9,0,16317.8,21363.2,rep2,0.508962784298718
0.3811512747099884,0.6544678052981133,35,4,0,16923.3,23712.1,rep2,0.27331653058812494
0.6313313732234359,0.16155273264264006,7,10,1,30941.0,9173.5,rep2,-0.4697786405807959
0.8144857165191262,0.42682667210007447,18,25,19,29956.7,10079.9,rep2,-0.3876590444190517
0.31778572277388634,0.31015156747710104,28,9,1,30501.8,8795.2,rep2,-0.007634155296785294
0.4618503157556166,0.5379573891557543,28,7,3,29691.1,8259.9,rep2,0.07610707340013773
0.3657342674248098,0.5085951012871829,53,6,1,30392.0,8358.2,rep2,0.14286083386237308
0.4171296806663723,0.4961025861600829,36,6,1,28561.0,10065.7,rep2,0.07897290549371061
0.6050663713560238,0.3542947540463333,27,15,0,28474.2,10512.9,rep2,-0.2507716173096905
0.46167181837010435,0.2840354863295508,3,39,25,28894.6,10918.5,rep2,-0.17763633204055357
0.8180484424013068,0.4719618134742234,3,15,4,27581.0,10830.4,rep2,-0.3460866289270834
0.3567673864919997,0.53871209696848,36,29,1,27431.3,11076.3,rep2,0.1819447104764803
0.336465371407739,0.7447967343733354,18,19,1,27362.5,11375.2,rep2,0.40833136296559636
0.575047229333287,0.34439177535597937,7,47,33,27978.2,10237.7,rep2,-0.23065545397730763
0.31778073889029185,0.6905461681151878,43,3,0,29242.8,10473.3,rep2,0.3727654292248959
0.4863098026905903,0.7193228853652386,61,7,0,34079.0,23771.5,rep2,0.23301308267464826
0.36071097258720064,0.5444181631078787,70,10,0,44274.9,10709.0,rep2,0.18370719052067808
0.3737354179256427,0.5149993169175157,32,7,0,15136.4,13044.0,rep2,0.14126389899187297
0.5156561736579782,0.6125308377517131,48,23,8,15339.9,13813.4,rep2,0.09687466409373491
0.41557565681728165,0.8205577740569054,31,15,0,15114.0,14081.8,rep2,0.4049821172396238
0.33280199559592427,0.5237088175936502,38,8,0,14277.7,12343.0,rep2,0.1909068219977259
0.362364374411177,0.6098419069628455,37,26,0,13785.2,15412.6,rep2,0.24747753255166843
0.3344997613633844,0.7008819639520729,40,15,0,13912.7,15223.6,rep2,0.36638220258868853
0.49520989130462806,0.5569525133755097,33,22,1,13057.8,14414.7,rep2,0.0617426220708816
0.4482967504561577,0.6238276643742542,47,11,0,13532.1,13825.1,rep2,0.1755309139180965
0.3466232719387394,0.6574693684867776,48,25,0,13907.1,13560.3,rep2,0.31084609654803824
0.4151108038877112,0.6943056456280831,53,21,0,14611.2,13971.9,rep2,0.27919484174037185
0.5712508561021554,0.4203442774874167,23,14,1,12227.8,13419.3,rep2,-0.15090657861473872
0.4551333696202789,0.5620188776845535,36,9,1,11810.4,14788.3,rep2,0.1068855080642746
0.37802208242162694,0.6110602785695008,56,5,2,12102.4,12828.1,rep2,0.2330381961478739
0.6970115465169835,0.38886380231732937,6,12,9,11831.4,12636.2,rep2,-0.30814774419965413
0.5535936394880507,0.5504259563410707,37,7,0,17357.1,25699.2,rep2,-0.003167683146980016
0.5119973042026349,0.32315996625209964,10,22,13,17675.7,26004.4,rep2,-0.18883733795053526
0.4071723181898994,0.6233895808588092,49,18,0,30366.5,15325.8,rep2,0.21621726266890984
0.9501461875826149,0.6104357064830335,3,20,7,29669.2,15685.7,rep2,-0.33971048109958146
0.7359730073784151,0.5501191328274747,19,14,15,28540.2,15674.6,rep2,-0.18585387455094038
0.43943877157260297,0.5487709813281983,33,28,4,28299.3,15818.4,rep2,0.10933220975559538
0.44304948569903224,0.6474314850691789,25,25,0,30179.2,13434.2,rep2,0.20438199937014667
0.4300302751869598,0.6222502185843508,6,21,0,30310.9,15771.6,rep2,0.192219943397391
0.34272658648103177,0.7235754805409963,34,17,4,29968.8,14155.6,rep2,0.3808488940599645
0.33814676285781503,0.6380798509118338,44,14,0,30033.2,12315.7,rep2,0.2999330880540188
0.3114926029402953,0.6851981055578489,34,27,0,29142.2,14957.6,rep2,0.3737055026175536
0.6006086599614217,0.6620033657747377,32,15,0,29243.6,12101.9,rep2,0.061394705813316075
0.449016001824154,0.6039145208919029,34,21,0,29605.6,12117.2,rep2,0.15489851906774887
0.46087733569095657,0.7043535555853876,36,14,0,29019.7,13399.4,rep2,0.24347621989443102
0.42344151783264555,0.6619323333028981,50,32,0,29456.2,13608.0,rep2,0.23849081547025258
0.49108811534712493,0.7274682469840072,67,23,0,27550.5,14557.0,rep2,0.23638013163688232
0.5179699918947159,0.5441784080788056,3,38,1,28017.2,12492.1,rep2,0.026208416184089645
0.38614170438086637,0.5533602715951544,46,13,0,28120.6,13581.6,rep2,0.16721856721428807
0.4077408149865742,0.6607679995506364,46,22,0,27336.1,12491.6,rep2,0.25302718456406215
0.3469576089608393,0.6596074913183309,51,24,0,27363.7,12789.3,rep2,0.3126498823574915
0.3944993655498983,0.7558706887171059,52,24,1,27483.4,12600.5,rep2,0.36137132316720766
0.3834050860598417,0.6856315542446884,76,26,0,27508.3,15049.8,rep2,0.30222646818484666
0.4114535633201008,0.6965124743329664,24,25,0,27529.9,15171.0,rep2,0.28505891101286557
0.310104368557462,0.5445025545943883,31,40,0,27651.2,15362.8,rep2,0.23439818603692636
0.5600703600169509,0.4685329489317797,14,42,43,33920.3,24224.0,rep2,-0.09153741108517116
0.46966945757964773,0.4632265641540313,28,5,0,45127.3,13241.4,rep2,-0.006442893425616436
0.31597525430217915,0.542951647531536,62,6,0,45653.6,15320.6,rep2,0.22697639322935687
0.40464389866041256,0.5220497793542308,73,6,0,43015.3,12892.0,rep2,0.11740588069381824
0.4528852713205426,0.3802297278553616,90,5,0,44787.8,12338.7,rep2,-0.07265554346518105
0.3711706733338185,0.7153026500408182,64,4,0,9939.7,6330.3,rep2,0.3441319767069997
0.3276897522137195,0.4228472854649977,12,23,1,15074.5,19804.7,rep2,0.09515753325127824
0.4742298539822973,0.7178035236231347,39,18,0,15449.9,19609.3,rep2,0.24357366964083743
0.28040910805880387,0.7717360798411876,18,17,0,15413.4,16923.7,rep2,0.49132697178238377
0.375058417878695,0.6350785866791173,43,31,1,15415.2,17581.9,rep2,0.26002016880042234
0.5907395596634948,0.7379799692897209,29,10,0,14958.7,16803.8,rep2,0.1472404096262261
0.4423893799947885,0.588078028350877,60,10,0,14830.2,16964.1,rep2,0.14568864835608847
0.5097033021172281,0.5206747682464321,64,5,0,13067.2,18676.4,rep2,0.010971466129203966
0.927101935290857,0.5437130765413596,4,37,8,13770.6,18236.5,rep2,-0.38338885874949746
0.3768771109377602,0.7212091468865021,29,24,0,13220.6,19237.4,rep2,0.34433203594874184
0.6251730492768833,0.3538523459637375,13,23,25,12185.7,18214.0,rep2,-0.27132070331314584
0.696555495677475,0.44003185159551944,17,23,12,12821.0,17609.4,rep2,-0.25652364408195555
0.5032980183433148,0.6118240439279196,71,4,0,17801.5,30671.6,rep2,0.10852602558460478
0.45563736399262666,0.4855977535209443,47,13,14,18409.9,28532.9,rep2,0.029960389528317644
0.2764208839032008,0.6343458347549158,40,8,0,25996.3,7635.9,rep2,0.357924950851715
0.3423018361301755,0.6860658170031493,51,10,0,26157.7,5772.7,rep2,0.3437639808729738
0.3879866778586196,0.5559817573255191,48,14,1,26047.7,6046.5,rep2,0.1679950794668995
0.4332327052559727,0.44782726248997173,44,6,7,26410.9,4678.4,rep2,0.01459455723399905
0.39703857135454795,0.6928806361527181,41,6,1,25391.2,5698.3,rep2,0.29584206479817016
0.44703218746138434,0.4478892485085629,51,20,0,24059.0,7478.3,rep2,0.0008570610471785312
0.3990250185758322,0.6042580800049518,100,6,0,24469.4,7223.9,rep2,0.20523306142911962
0.5310908919117684,0.41884092271507806,62,6,1,24453.9,4228.6,rep2,-0.11224996919669034
0.5199847956489512,0.6035851060409712,57,7,0,25536.7,6803.2,rep2,0.08360031039201998
0.44870026403044694,0.580638692132141,37,6,0,23424.2,6394.0,rep2,0.1319384281016941
0.2528507754258035,0.5262325591415072,40,12,1,23605.3,6094.0,rep2,0.27338178371570376
0.8046343284716307,0.6267394223582919,10,24,9,30904.9,19429.2,rep2,-0.1778949061133388
0.4901668171548098,0.7187438058338446,41,15,0,30718.6,18258.0,rep2,0.22857698867903475
0.4224703558202649,0.6276531845170071,57,17,0,30025.7,19711.9,rep2,0.20518282869674226
0.35730252726308365,0.6100448082592633,33,54,0,30023.6,18416.3,rep2,0.2527422809961797
0.5481229375547713,0.5097658604074251,10,19,8,30355.1,18827.8,rep2,-0.03835707714734615
0.43659293224772894,0.5756885914134346,25,23,0,30367.9,18122.2,rep2,0.1390956591657057
0.46082234685811474,0.52757551959144,50,14,0,30409.4,18918.4,rep2,0.06675317273332526
0.3591828265418802,0.6582058111341846,48,33,0,29306.4,17126.4,rep2,0.2990229845923044
0.4252638034837796,0.7043236748724461,41,14,0,29480.2,17224.5,rep2,0.27905987138866645
0.30826699506602856,0.6396491200146737,55,16,0,29249.8,17407.2,rep2,0.3313821249486451
0.6385215626144494,0.5850955240749786,17,34,4,29560.5,19281.6,rep2,-0.05342603853947081
0.33949607528907194,0.5739602276497769,69,18,0,28503.0,18485.0,rep2,0.234464152360705
0.5011026493629868,0.4791240489507242,18,51,0,29292.4,16364.9,rep2,-0.021978600412262572
0.32532006359483373,0.6863110166564518,55,41,0,29637.5,16325.3,rep2,0.36099095306161805
0.43724614043621274,0.7253325450290689,33,26,0,29369.1,16477.9,rep2,0.2880864045928561
0.43414198147763744,0.6798005275737474,38,18,0,29735.3,18142.6,rep2,0.24565854609611
0.4239585912465208,0.6569394738945256,59,13,0,27787.4,18721.6,rep2,0.23298088264800476
0.3682420652448738,0.6059290480365452,28,17,0,27955.0,18751.4,rep2,0.23768698279167144
0.4566814757834827,0.6048684231547717,32,21,2,30435.2,17744.9,rep2,0.148186947371289
0.4437598827450892,0.5779390987146888,40,22,0,28694.3,17046.0,rep2,0.13417921596959964
0.3993274479141036,0.6161834523746309,46,27,0,29019.5,17235.7,rep2,0.21685600446052733
0.666204957812566,0.5851130813301482,8,18,8,28975.3,16061.9,rep2,-0.08109187648241778
0.3405959136906898,0.6657840853801352,58,27,0,29062.7,16240.8,rep2,0.3251881716894454
0.3199135684176048,0.5571048326653979,39,12,0,27995.1,18271.0,rep2,0.23719126424779308
0.4187923116052925,0.5232105857144186,13,18,7,27703.8,18397.9,rep2,0.10441827410912607
0.5365494088389032,0.4276606873181475,28,15,9,27504.4,18897.5,rep2,-0.10888872152075574
0.5418035387418462,0.5455361924504606,34,19,0,28198.2,17066.7,rep2,0.0037326537086144196
0.299599048171536,0.7000469471478254,53,35,0,28110.8,17806.1,rep2,0.40044789897628946
0.40183602077461755,0.5949993449718289,53,41,0,27521.8,17066.9,rep2,0.19316332419721138
0.39469201103794804,0.6670160191105872,64,25,0,27552.0,17096.2,rep2,0.2723240080726391
0.408153363153694,0.7387791473954344,50,20,0,28171.9,16464.1,rep2,0.3306257842417404
0.39206985629316254,0.6837926630562488,36,28,0,28623.9,16107.3,rep2,0.2917228067630862
0.3390884981215927,0.5708433952669887,38,8,0,27613.2,19637.4,rep2,0.231754897145396
0.33869961331922754,0.6586219592084638,45,17,0,9904.5,9735.2,rep2,0.31992234588923624
0.3210382267666683,0.5571714977824601,30,13,1,15466.0,20065.0,rep2,0.2361332710157918
0.44996841147155364,0.4298993655114109,18,23,9,12241.6,22488.1,rep2,-0.02006904596014275
0.3947727792089469,0.584623582644968,55,18,1,12922.6,23410.6,rep2,0.18985080343602118
0.8023422022452117,0.48488384009016894,5,14,11,26469.1,10848.6,rep2,-0.31745836215504275
0.2881758757705113,0.6664158869186664,53,11,6,26008.3,9931.9,rep2,0.3782400111481551
0.7534967661210231,0.6100152042246891,6,47,7,26389.2,11454.0,rep2,-0.143481561896334
0.4521340462665901,0.4647407984354753,13,40,31,27028.4,11643.6,rep2,0.012606752168885182
0.48344628831900416,0.7823659117164196,61,12,0,25687.3,11230.7,rep2,0.2989196233974154
0.40728996592387934,0.6371386778736245,38,8,1,26604.4,8524.8,rep2,0.2298487119497452
0.4352133340672793,0.9204467514322717,34,4,1,26554.5,9182.0,rep2,0.4852334173649924
0.38177138213837336,0.619834484309371,59,6,4,25952.4,10415.4,rep2,0.2380631021709977
0.48733231727500936,0.5965585779100632,45,6,1,26093.4,10170.2,rep2,0.1092262606350538
0.6802786998167658,0.4698646430653476,11,22,13,24475.1,11789.3,rep2,-0.21041405675141822
0.4335495023410137,0.7198935195946387,59,22,0,25200.8,11190.3,rep2,0.28634401725362496
0.8885117489896653,0.4400693711883108,7,16,2,24928.0,9242.0,rep2,-0.44844237780135454
0.3369583122330114,0.32734680511045683,18,57,41,30850.2,20032.5,rep2,-0.009611507122554597
0.7122328220016166,0.31258209521710373,7,17,7,27922.0,23517.8,rep2,-0.3996507267845129
0.5155605137537473,0.34687063892115017,12,20,7,28174.5,23647.5,rep2,-0.16868987483259718
0.33759769563112857,0.6926455545239394,40,4,0,30186.3,20201.6,rep2,0.3550478588928108
0.4412593699201302,0.5738828789050389,58,18,0,27618.0,22255.7,rep2,0.13262350898490866
0.4044216365266163,0.5251289685422377,29,20,11,27829.3,21508.0,rep2,0.1207073320156214
0.6066236907918691,0.27968919435750095,11,9,1,41848.6,11739.6,rep2,-0.3269344964343681
0.3912721623105853,0.4209258014403001,50,9,5,10807.0,12915.1,rep2,0.029653639129714804
0.6551863895669806,0.8555688666478374,70,11,8,10240.0,14575.6,rep2,0.20038247708085677
0.4295583873565378,0.3160920786523433,47,14,13,10488.5,14954.8,rep2,-0.1134663087041945
0.45862235088759506,0.5054097718337192,49,10,2,10032.1,15366.8,rep2,0.04678742094612409
0.5180577799787357,0.3767397841838921,4,20,36,10629.3,13809.1,rep2,-0.1413179957948436
0.5803616239090674,0.6203858260047247,16,11,10,8304.3,14871.5,rep2,0.04002420209565727
0.46793354232243306,0.6841664468377847,47,5,0,8959.3,13354.6,rep2,0.21623290451535165
0.36229849051557245,0.3544512028689305,72,20,5,12953.2,26864.4,rep2,-0.007847287646641943
0.4212241727807993,0.39545903463673643,41,18,15,13219.7,24273.4,rep2,-0.025765138144062893
0.47481587621414345,0.7399646066966552,43,4,0,21754.6,3739.6,rep2,0.26514873048251175
0.4096424704262427,0.6813216425281704,40,18,0,26746.3,14830.1,rep2,0.2716791721019277
0.34140591075191634,0.6549693369177316,40,25,0,26405.0,15212.7,rep2,0.3135634261658153
0.39173789377422963,0.5418936190611359,57,23,0,26623.4,12776.7,rep2,0.15015572528690624
0.40349330097116126,0.5949516802900967,38,18,0,25448.5,15046.5,rep2,0.19145837931893545
0.5582475160338042,0.5648315357053189,14,38,8,25961.4,12167.3,rep2,0.006584019671514674
0.32788142328914666,0.7237974288791406,80,28,0,26032.7,12343.7,rep2,0.3959160055899939
0.6043808957771712,0.5552255837294678,29,30,0,24562.8,15188.2,rep2,-0.0491553120477034
0.5025887950487745,0.634706161269821,35,14,0,24726.1,15558.1,rep2,0.13211736622104653
0.6846056260715203,0.5605502573487873,19,44,5,24735.1,15526.7,rep2,-0.12405536872273304
0.44475876804457315,0.6660165678724115,42,13,0,24443.1,14205.0,rep2,0.22125779982783833
0.39207908594218066,0.7277923327819028,58,29,1,24808.0,14932.9,rep2,0.33571324683972215
0.4962811162868362,0.7142321945697594,33,8,1,23666.2,14001.2,rep2,0.2179510782829232
0.6424820665297832,0.6033647038888701,15,40,4,23486.5,14701.8,rep2,-0.039117362640913145
0.43306625481793615,0.523698562845536,51,32,10,23505.6,12409.7,rep2,0.0906323080275998
0.33550210939219716,0.6175333793401073,37,32,0,24538.8,13532.3,rep2,0.28203126994791017
0.43078788705812393,0.5827178364011445,43,7,1,24857.1,12274.5,rep2,0.15192994934302056
0.7546154281781181,0.5233513039018732,3,44,9,25473.4,14079.6,rep2,-0.23126412427624488
0.37744856575088803,0.5846777998156995,60,31,0,25694.1,13781.7,rep2,0.20722923406481142
0.3314483366488744,0.5660700506174648,72,36,0,25713.2,14127.5,rep2,0.23462171396859044
0.3673556596839028,0.5387207252285597,58,29,2,25982.7,14078.9,rep2,0.1713650655446569
0.44925515948584,0.5985485357241392,52,16,0,23885.9,12229.8,rep2,0.14929337623829925
0.4982770952598868,0.776676921932796,62,24,0,23515.8,12307.7,rep2,0.27839982667290925
0.4800309600899415,0.6481751395602509,46,13,1,29616.1,27060.7,rep2,0.16814417947030935
0.3315917911380054,0.3548845210379703,30,53,64,30680.1,26170.6,rep2,0.023292729899964892
0.4233875007280614,0.38997139263067554,47,4,5,30613.4,25675.5,rep2,-0.03341610809738588
0.6004366949682997,0.39355857694572727,34,22,16,29551.6,25852.9,rep2,-0.2068781180225724
0.5875056837798989,0.3745122714044526,9,36,19,30068.9,25890.6,rep2,-0.21299341237544628
0.4514642118998037,0.4068688228059786,50,19,7,39249.6,13783.2,rep2,-0.0445953890938251
0.4863506486376948,0.5611636903240126,41,11,0,40329.1,14717.4,rep2,0.0748130416863178
0.4593039027168273,0.6195222442741559,61,3,0,40077.2,14148.1,rep2,0.16021834155732861
0.45044925654533835,0.2674539249229716,53,4,0,43673.8,24477.1,rep2,-0.18299533162236675
0.32201356556115085,0.3780085213535079,26,44,49,6042.6,5605.9,rep2,0.055994955792357026
0.38306367463586755,0.6077025479833776,59,7,0,5936.7,6960.1,rep2,0.2246388733475101
0.3922912715212479,0.6736538270487058,53,5,0,5443.8,7678.5,rep2,0.2813625555274579
0.3087122671225913,0.3243145414536963,40,35,34,11299.5,17925.2,rep2,0.015602274331105004
0.39383147109526107,0.56161306606742,57,12,2,10583.1,16377.2,rep2,0.16778159497215894
0.5817658588649388,0.5161170160803138,34,20,33,9445.8,17012.0,rep2,-0.06564884278462502
0.38508667241211136,0.4441012247435233,53,5,0,8334.3,16679.7,rep2,0.05901455233141195
0.5322850847310645,0.4402998336440018,30,4,0,8769.1,19287.8,rep2,-0.09198525108706268
0.4381545041617187,0.7047407362418227,44,5,0,22829.4,5399.9,rep2,0.26658623208010396
0.45299273610226154,0.6795937142787745,45,5,0,22094.7,6698.2,rep2,0.22660097817651292
0.3509724228467846,0.5775199632516477,49,7,0,22241.2,6816.6,rep2,0.22654754040486308
0.5643367188616186,0.545084605784359,45,9,0,22230.6,7083.6,rep2,-0.019252113077259603
0.513306622206684,0.6231227856236727,63,5,0,22057.7,6198.3,rep2,0.10981616341698874
0.6771380255034551,0.7065098396400448,6,8,4,20978.1,6897.0,rep2,0.029371814136589625
0.3588751071947391,0.5704840996305874,45,4,0,20181.1,6881.4,rep2,0.21160899243584835
0.5494783048139699,0.4020484503123374,6,14,0,20585.5,6958.1,rep2,-0.14742985450163248
0.4888405793444595,0.42172151284993936,43,10,12,20286.3,5843.3,rep2,-0.06711906649452015
0.3065870158242381,0.5793321778086387,59,29,4,26882.1,18658.5,rep2,0.2727451619844006
0.3056780842931419,0.6133837034616396,62,24,8,26171.3,18557.3,rep2,0.3077056191684977
0.3932477021144012,0.33181427013613524,60,5,0,26166.7,19163.5,rep2,-0.06143343197826595
0.5287942002203778,0.7454347658728969,42,8,0,26590.8,16156.1,rep2,0.2166405656525191
0.26084616514870723,0.7277273997445969,47,13,0,26387.2,16398.0,rep2,0.46688123459588965
0.40583549499200566,0.7046230306502281,35,7,0,25221.9,19425.5,rep2,0.29878753565822247
0.45609669438623923,0.38782490499688016,48,8,0,25245.4,18163.9,rep2,-0.06827178938935907
0.36263657268271376,0.553898737034046,7,24,7,25401.7,17017.8,rep2,0.19126216435133225
0.3115496117836338,0.6186128076119508,30,18,0,26052.4,17007.6,rep2,0.30706319582831704
0.3432358722253315,0.6068235105689991,47,22,0,23879.1,17375.2,rep2,0.2635876383436676
0.7945725646611346,0.5459106154060432,5,22,2,25248.9,16396.6,rep2,-0.24866194925509133
0.276464846480062,0.5459682875438348,41,20,0,26914.7,18308.5,rep2,0.2695034410637728
0.5087518732552324,0.599085083489967,39,11,0,24136.1,19375.2,rep2,0.09033321023473462
0.49356639581982803,0.7644978925454755,35,4,0,23931.1,19281.1,rep2,0.2709314967256475
0.4224290296636695,0.37769771714859823,41,5,0,23647.1,18439.8,rep2,-0.044731312515071286
0.32421082692563613,0.6917820157023618,34,28,0,26948.5,17627.4,rep2,0.3675711887767256
0.4640786051103403,0.6485321951102547,33,13,0,26596.2,17739.7,rep2,0.1844535899999144
0.6878131869486849,0.48314441782055856,12,27,13,26585.5,17765.3,rep2,-0.20466876912812632
0.41866576006213546,0.44623048241330987,84,3,0,29267.4,30906.3,rep2,0.02756472235117441
0.4505256150564022,0.2721202624329176,62,4,0,28148.6,28231.8,rep2,-0.17840535262348461
0.4459531556924496,0.5861587093174775,67,6,0,38018.5,5955.7,rep2,0.1402055536250279
0.4480525008033121,0.7108195757705243,74,9,0,37121.0,5702.2,rep2,0.26276707496721224
0.361284784866045,0.41779227058252466,41,4,0,36652.8,6519.3,rep2,0.05650748571647968
0.4752604236707781,0.6907404749176491,59,6,0,41811.8,19281.5,rep2,0.21548005124687103
0.5746046099092593,0.37402244348924296,18,16,3,39492.0,16549.9,rep2,-0.20058216642001636
0.36316910824373033,0.42954157052437153,27,13,0,39129.0,16086.8,rep2,0.0663724622806412
0.40971510087755486,0.49279182876426536,48,9,0,6731.5,10697.6,rep2,0.0830767278867105
0.47181374270913173,0.6159793322980028,66,13,0,6120.2,9172.6,rep2,0.1441655895888711
0.4046370729337507,0.5947470743441884,68,11,0,6065.7,10774.5,rep2,0.1901100014104377
0.42063445839200536,0.5870186731850904,63,8,0,5928.2,11251.0,rep2,0.16638421479308502
0.39093968448193345,0.5302400738583037,70,7,0,5978.4,9898.0,rep2,0.1393003893763703
0.2711875397127691,0.46073595315779886,65,21,4,5215.6,9842.7,rep2,0.18954841344502976
0.4175035196251635,0.5895964573221021,31,3,0,5654.3,8424.2,rep2,0.17209293769693856
0.45112457828514796,0.6253692483136888,38,3,0,4310.4,9591.2,rep2,0.17424467002854083
0.5595308379554969,0.42184342706237477,12,39,36,9863.8,22095.0,rep2,-0.1376874108931221
0.5871692533384301,0.47071611285385545,18,22,17,10619.6,21514.6,rep2,-0.11645314048457461
0.33940750945852394,0.5381692022724643,58,7,0,23113.7,8528.3,rep2,0.1987616928139404
0.5447101362523346,0.7297172246781248,53,11,0,21232.0,10806.7,rep2,0.18500708842579028
0.4030929682544991,0.5284599489475397,62,6,0,22725.9,11069.7,rep2,0.12536698069304059
0.5060308044344187,0.49827328161310663,48,5,1,21911.2,10759.1,rep2,-0.007757522821312091
0.65642601738491,0.4638391585655205,18,29,14,20431.6,11382.4,rep2,-0.19258685881938953
0.46249715914242634,0.6413890652262447,59,18,1,20749.7,11467.9,rep2,0.17889190608381839
0.36697311945603667,0.6122387345311229,47,4,0,20123.3,9982.8,rep2,0.2452656150750862
0.3268266212049887,0.24761207086179832,54,13,10,20117.7,9019.0,rep2,-0.07921455034319036
0.36083051127578214,0.6200043943934268,38,30,0,20301.3,11821.5,rep2,0.25917388311764467
0.47663489923222196,0.4659911378847612,29,5,0,21399.8,8553.2,rep2,-0.010643761347460756
0.3104363307514469,0.5166422481915846,61,28,8,26246.4,22007.9,rep2,0.20620591744013766
0.6410212895803367,0.3540872413650632,7,21,2,24865.6,20593.9,rep2,-0.28693404821527346
0.3284321178665441,0.8012548945879421,63,11,0,26527.5,22103.0,rep2,0.472822776721398
0.36237371551676656,0.5303300858899107,34,4,0,36554.0,11164.3,rep2,0.16795637037314415
0.3929491266942711,0.6002620862780278,28,7,0,36339.8,10150.1,rep2,0.20731295958375667
0.5545184473095385,0.6397481968315817,42,11,0,19392.3,3630.0,rep1,0.08522974952204321
0.3628059537227883,0.5767958924071563,68,38,0,21761.9,15897.1,rep1,0.21398993868436805
0.2673405720296208,0.4299370280403234,58,11,0,22733.2,15952.5,rep1,0.1625964560107026
0.39882052369417265,0.7504068405325546,46,31,0,19358.9,15605.7,rep1,0.35158631683838193
0.5521158920049152,0.3206247383468378,27,29,5,37516.2,15995.0,rep1,-0.23149115365807738
0.45558700691607684,0.5426423880955782,53,11,0,19437.9,4839.6,rep1,0.08705538117950135
0.5100525146321662,0.3570746242050029,39,17,8,16859.9,7945.0,rep1,-0.15297789042716325
0.7435889224058415,0.5044759563163155,16,43,34,34972.0,16415.8,rep1,-0.23911296608952604
0.3734807013169248,0.6576807932797961,39,4,0,15541.8,9045.6,rep1,0.2842000919628713
0.5422462459676871,0.29451492716202843,31,14,0,19409.2,8165.0,rep1,-0.24773131880565868
0.4024096043283423,0.5793728073129144,44,11,0,19386.4,21375.6,rep1,0.17696320298457213
0.5657560447944732,0.5525625953019091,33,16,3,34830.8,11905.1,rep1,-0.013193449492564069
0.40276803688912827,0.5448035166706853,59,42,1,15479.2,15429.9,rep1,0.142035479781557
0.336862689461742,0.5802034474366159,41,43,1,17788.8,15888.3,rep1,0.24334075797487387
0.548906812886727,0.5264701941093228,37,23,0,15593.4,13641.2,rep1,-0.022436618777404216
0.5377882308461651,0.6048426496575112,46,21,0,15574.6,14744.5,rep1,0.0670544188113461
0.407576515686743,0.6964132507067629,31,31,0,32191.2,15934.7,rep1,0.28883673502001983
0.33182695124972006,0.5626491092281563,60,36,1,32290.7,15915.1,rep1,0.2308221579784362
0.5270440068607253,0.35449100156606655,5,31,17,11648.2,7708.9,rep1,-0.17255300529465872
0.3582914198760336,0.45876343504585027,55,9,0,15466.2,5537.3,rep1,0.10047201516981669
0.34472541931023815,0.6845093578127218,47,25,0,16983.1,19893.7,rep1,0.3397839385024837
0.758307326626203,0.4079636137765522,10,11,11,19438.6,28111.4,rep1,-0.3503437128496508
0.6345498265982966,0.3571322268428529,5,26,10,28430.0,8062.3,rep1,-0.2774175997554437
0.38074790505897327,0.5354243944847896,23,8,0,31078.5,16176.8,rep1,0.15467648942581635
0.6771620294724255,0.541374087055064,5,21,0,31029.9,16218.7,rep1,-0.13578794241736158
0.5635286226864575,0.5740211036161319,23,45,50,31067.7,18696.0,rep1,0.010492480929674364
0.7475917137386349,0.5199177472113432,10,16,6,11732.9,8343.2,rep1,-0.22767396652729166
0.6286777207935954,0.4934236558536089,27,21,0,29476.5,11949.1,rep1,-0.13525406493998648
0.47044612898434407,0.8103071644109532,48,16,1,27553.9,11954.0,rep1,0.3398610354266091
0.7329937269827677,0.5144012195704672,6,20,21,27197.2,10726.8,rep1,-0.2185925074123004
0.4261199413933845,0.6753321820462415,40,10,0,44116.4,11993.6,rep1,0.24921224065285696
0.4998280001087111,0.838669359632336,4,4,2,12248.7,15869.0,rep1,0.33884135952362493
0.7915425435437194,0.5344068804043773,9,16,3,11615.5,16006.0,rep1,-0.2571356631393421
0.36551408286829645,0.6916253218579883,52,6,0,15555.1,25521.0,rep1,0.32611123898969185
0.5047761355348522,0.6036377485929817,59,19,0,28627.8,15976.7,rep1,0.09886161305812946
0.37569345676844024,0.6364262369438123,61,35,0,27220.3,13718.8,rep1,0.26073278017537205
0.5868414373966233,0.8408565236795523,25,4,0,31037.5,25052.1,rep1,0.254015086282929
0.46342928638709896,0.6153611391146377,52,7,1,14979.3,19978.0,rep1,0.15193185272753879
0.4391636384545176,0.414400528261568,14,23,15,11643.8,18004.9,rep1,-0.024763110192949633
0.4591475710760739,0.7457851817668791,82,29,0,14273.3,16020.9,rep1,0.28663761069080523
0.3030400733726447,0.4801940267791318,26,4,0,15536.5,30843.9,rep1,0.1771539534064871
0.38110077231277784,0.8821760135578337,36,12,0,23254.6,7636.0,rep1,0.5010752412450559
0.530140569819829,0.7678441019350882,44,6,0,24098.4,7969.6,rep1,0.2377035321152592
0.4148021239107689,0.6806807045793276,56,13,0,23305.7,6664.7,rep1,0.2658785806685587
0.7287075826346535,0.550892184753159,6,55,7,27148.3,16335.2,rep1,-0.17781539788149447
0.5034627092058535,0.6118570662339711,48,16,0,27131.8,18407.9,rep1,0.10839435702811762
0.31174698829660064,0.6724066978094202,71,28,0,26355.1,12004.2,rep1,0.36065970951281956
0.6967199573299478,0.5108313200992445,11,20,2,25024.5,11940.8,rep1,-0.18588863723070337
0.3647047155124043,0.49570451477451466,37,7,0,28786.5,23913.9,rep1,0.13099979926211036
0.7350130093725856,0.4843530023767112,11,20,4,40574.8,11935.9,rep1,-0.25066000699587443
0.6371274926730005,0.32828614145255297,11,33,29,10960.0,15992.0,rep1,-0.30884135122044754
0.9555001065191591,0.5033443627410114,4,26,13,26126.0,16010.8,rep1,-0.4521557437781477
0.4331692129085787,0.6185749198132295,53,20,0,25836.8,12049.3,rep1,0.18540570690465086
0.49779449896876776,0.7314505983058918,27,17,0,24784.1,15871.2,rep1,0.233656099337124
0.4539136044219833,0.49992761535434205,29,7,0,7509.9,12390.2,rep1,0.04601401093235874
0.4648825765858478,0.6002524511758496,19,14,3,6264.6,12077.7,rep1,0.13536987459000177
0.45459360496262646,0.6630804944316413,60,6,0,6388.7,13242.8,rep1,0.20848688946901484
0.31437762060422997,0.7211189082749762,40,6,0,7167.2,12695.0,rep1,0.4067412876707462
0.44741461385216724,0.7761009444659922,49,9,0,4575.5,14579.0,rep1,0.32868633061382496
0.47074810415534785,0.3634887264707553,8,12,10,4169.0,13368.1,rep1,-0.10725937768459254
0.3092933087186944,0.5700496594787534,53,7,0,4459.7,12381.8,rep1,0.260756350760059
0.3213094572278429,0.6511202320575996,55,6,0,4528.5,12845.8,rep1,0.32981077482975674
0.803392863591456,0.5068894554776895,10,10,0,18705.7,3851.1,rep1,-0.2965034081137665
0.40369545812684654,0.5231618927466074,46,16,1,22188.3,13653.4,rep1,0.11946643461976086
0.5726687366727204,0.5155052103102169,22,51,0,22582.1,13752.5,rep1,-0.05716352636250355
0.3353408934781892,0.6560641477780073,39,18,0,23213.7,13776.8,rep1,0.3207232542998181
0.4692325477442461,0.6106906825973297,48,18,0,21911.1,13654.7,rep1,0.14145813485308362
0.36196515579084537,0.6862534249793869,58,18,0,21467.8,14235.6,rep1,0.32428826918854153
0.40843197133893183,0.6478725145881172,43,16,6,22066.9,14229.2,rep1,0.2394405432491854
0.6812801565235853,0.6017147401248029,17,26,7,21190.5,15465.8,rep1,-0.07956541639878245
0.752823888231735,0.47604965231938323,21,26,9,20579.8,13316.6,rep1,-0.27677423591235173
0.5784864685311509,0.5565824437407461,12,28,1,20714.6,12940.7,rep1,-0.021904024790404875
0.4602731923806806,0.6789548992733168,39,19,0,23048.3,13162.7,rep1,0.21868170689263616
0.7644266311330696,0.59513837732902,7,22,0,20299.6,15145.7,rep1,-0.16928825380404966
0.4388161068536441,0.46317117020304466,27,18,13,26846.3,25240.9,rep1,0.024355063349400574
0.36699185987392213,0.3917226860314125,50,22,7,25693.5,26925.1,rep1,0.024730826157490393
0.3322376246064601,0.7165131807866314,58,11,0,24725.1,27478.0,rep1,0.3842755561801713
0.30284856100805735,0.3862599869392173,26,12,5,24089.6,27203.0,rep1,0.08341142593115997
0.6191421937050257,0.5329847906889322,25,16,1,24810.6,27191.1,rep1,-0.08615740301609343
0.5814538475654775,0.30963221490696796,6,28,13,24256.0,25342.6,rep1,-0.2718216326585095
0.37899215346526766,0.36552845408271184,35,10,0,24242.0,24490.9,rep1,-0.013463699382555816
0.39182929968434804,0.5789456622885759,43,7,1,37185.3,13461.9,rep1,0.18711636260422787
0.4960568289622258,0.582694745306783,42,5,0,36871.8,12517.6,rep1,0.0866379163445572
0.5332840000523139,0.5712823873213342,40,37,26,35851.4,13120.7,rep1,0.03799838726902027
0.38375404874593266,0.41273456044213713,35,4,5,35732.9,14731.1,rep1,0.02898051169620447
0.4302680175157049,0.49265203007616637,42,15,1,35356.6,12549.6,rep1,0.062384012560461444
0.5417945031373338,0.4527940273059716,42,7,0,39893.8,25605.2,rep1,-0.08900047583136217
0.4533155342679827,0.49677990748169554,17,13,9,6822.9,17377.5,rep1,0.043464373213712826
0.8129501432268603,0.5000412605822755,4,14,9,6447.7,16417.3,rep1,-0.31290888264458483
0.5786054420598626,0.31010767367090286,13,28,16,18411.8,6744.0,rep1,-0.2684977683889598
0.4662842364126045,0.3866432074208991,55,4,0,18405.0,7204.1,rep1,-0.07964102899170544
0.4095633777276271,0.48670562656875554,72,6,0,18392.0,5606.1,rep1,0.07714224884112847
0.5282044341429906,0.6324283326507664,53,6,1,17448.8,7650.2,rep1,0.1042238985077758
0.7802732288661763,0.5731285369766002,7,23,6,17090.7,7082.9,rep1,-0.20714469188957618
0.3144233640365752,0.6125581973186446,34,4,1,17793.4,7545.7,rep1,0.29813483328206936
0.38923979925777286,0.3634662332512027,62,14,14,15673.2,7898.3,rep1,-0.02577356600657016
0.3658295851498315,0.6865422441489079,50,7,0,16043.8,5817.6,rep1,0.32071265899907636
0.4121789353583145,0.7419727562431196,43,7,0,15706.6,5412.8,rep1,0.32979382088480513
0.42032078901012454,0.8147736059661366,47,6,0,26241.0,29309.0,rep1,0.39445281695601203
0.4264310881511885,0.7046758528724724,37,5,0,24118.6,29474.0,rep1,0.27824476472128384
0.35986343001788523,0.6726986188691271,58,11,0,32235.2,7875.6,rep1,0.31283518885124184
0.46653653719635674,0.5856270600958301,31,9,0,32160.6,5739.4,rep1,0.11909052289947336
0.5212653264896899,0.5510717467695915,25,4,0,31411.5,6129.9,rep1,0.029806420279901547
0.32669075823389604,0.5252444336234567,41,21,10,38614.2,19624.5,rep1,0.1985536753895607
0.44250209860235107,0.6597642450781406,46,5,4,38276.3,18821.5,rep1,0.2172621464757895
0.41038444323536893,0.27237775836092015,32,35,26,37186.5,17640.1,rep1,-0.13800668487444878
0.685004518602877,0.6368178665378832,18,8,8,36794.3,16929.3,rep1,-0.04818665206499384
0.40077008941865655,0.41688258331780537,34,19,13,37152.5,16698.5,rep1,0.016112493899148816
0.5058786652429321,0.5212154649932402,44,11,10,35046.4,18698.1,rep1,0.015336799750308105
0.3331277018116615,0.6058657300665937,35,7,2,35577.3,17322.3,rep1,0.2727380282549322
0.44793323502073884,0.5729751818977887,52,4,0,3424.8,8097.7,rep1,0.1250419468770499
0.4083182460129773,0.6559296645278982,64,14,0,2591.2,8831.8,rep1,0.24761141851492097
0.4629404151949368,0.7232215122886544,36,5,0,2758.8,9422.8,rep1,0.2602810970937176
0.442124966288131,0.418476566306604,7,9,0,7593.8,21131.3,rep1,-0.023648399981527013
0.3939245638790242,0.6001815074436676,59,8,0,4596.2,20276.5,rep1,0.2062569435646434
0.5995712386439951,0.49696264227145975,11,35,15,18960.2,11346.6,rep1,-0.10260859637253533
0.656360239006558,0.48040973274666754,3,35,18,18655.4,11346.3,rep1,-0.1759505062598905
0.5649621286806418,0.3458943870012139,17,23,11,18340.7,10839.7,rep1,-0.21906774167942789
0.3984041460066207,0.4490854485846787,44,4,0,18732.6,8436.7,rep1,0.050681302578057974
0.7001047515966347,0.4461527277842388,7,30,0,17136.3,11823.9,rep1,-0.25395202381239584
0.3545580748493978,0.7158766085306897,55,7,0,17172.2,8778.3,rep1,0.3613185336812919
0.5842616755868558,0.522859316448881,6,19,7,16238.7,9576.9,rep1,-0.06140235913797487
0.4464010300918862,0.6348682962196774,30,4,1,17165.0,8327.9,rep1,0.18846726612779124
0.3440131431570105,0.7476975842464656,5,6,0,16377.4,11688.7,rep1,0.4036844410894551
0.3128943790038131,0.6175777705295692,61,12,1,15955.6,10251.0,rep1,0.3046833915257561
0.4468785367549246,0.7310182574203598,53,6,0,15773.4,9378.8,rep1,0.28413972066543514
0.454549998666846,0.2960892370658071,27,10,12,16268.2,10719.2,rep1,-0.1584607616010389
0.41557469241776024,0.6240628513659363,45,9,1,22196.0,22086.6,rep1,0.20848815894817607
0.758334639916711,0.4313875123116825,20,8,9,21954.4,20518.5,rep1,-0.32694712760502853
0.5314602282607913,0.640830852436424,39,4,0,20236.4,20354.7,rep1,0.1093706241756327
0.3505211333749791,0.2884988205199437,21,26,4,34704.3,11741.0,rep1,-0.0620223128550354
0.6177865516073093,0.4886599551904681,37,14,1,34585.8,11389.2,rep1,-0.1291265964168412
0.45375585574871985,0.35625470282837896,48,7,0,34772.2,8967.7,rep1,-0.0975011529203409
0.35277643900444355,0.4132988048727582,34,10,1,33234.5,11096.1,rep1,0.060522365868314665
0.6245304801553438,0.4313600337000298,5,18,7,34551.6,9273.5,rep1,-0.19317044645531406
0.40651282161571783,0.6567010453398705,37,3,0,33694.4,8757.0,rep1,0.25018822372415267
0.5900551431040225,0.34399314851261853,7,33,16,33072.7,10131.9,rep1,-0.246061994591404
0.4997487886740511,0.40978468879238883,38,23,18,32486.0,9988.4,rep1,-0.08996409988166226
0.40183965573039054,0.5329151073333028,38,21,16,32494.6,10645.6,rep1,0.13107545160291229
0.806410189813057,0.24521146003270808,4,14,15,32792.2,10362.5,rep1,-0.5611987297803489
0.8468861638657247,0.37882347877802913,5,17,10,31863.6,11667.5,rep1,-0.46806268508769555
0.5894622862192673,0.3396590340418117,5,42,12,31667.0,9371.2,rep1,-0.24980325217745564
0.4626403545456749,0.3327459933299325,14,10,10,32239.4,9446.4,rep1,-0.12989436121574244
0.3600403152737689,0.4102787908692029,37,7,4,31779.9,8842.3,rep1,0.050238475595433985
0.2835191696126991,0.5767133092099154,32,19,3,32421.3,9249.2,rep1,0.2931941395972163
0.5731195860681071,0.21507311880482471,11,20,13,31375.6,9058.5,rep1,-0.3580464672632824
0.2918883796704626,0.17611993345760074,40,15,9,31326.2,9368.7,rep1,-0.11576844621286186
0.5202939041267657,0.26149901838912804,16,21,13,31240.9,8109.7,rep1,-0.25879488573763765
0.32694825216497414,0.3795985848788233,33,17,3,31267.7,8413.0,rep1,0.05265033271384917
0.5473966890986733,0.6008260362324934,37,9,4,35751.5,22374.0,rep1,0.05342934713382008
0.34902918519690773,0.56422691584452,19,3,3,35692.0,21388.8,rep1,0.21519773064761227
0.5398206076863632,0.42812640740267216,6,32,36,36301.1,20376.3,rep1,-0.11169420028369104
0.6232110521060001,0.4008732647462343,14,30,20,3830.7,12052.4,rep1,-0.22233778735976584
0.3767051845055713,0.7711705260999469,61,6,0,1406.5,13604.3,rep1,0.3944653415943756
0.4405308630524423,0.6771709123635681,57,12,0,4240.1,25258.1,rep1,0.23664004931112576
0.4865959052353453,0.645649345668826,41,14,2,19053.1,14495.8,rep1,0.15905344043348074
0.5580817021169998,0.7064727132503823,7,34,15,19028.4,14515.8,rep1,0.1483910111333825
0.39848347205943624,0.6377929871927128,69,29,1,19022.9,14914.9,rep1,0.23930951513327658
0.3593726442761126,0.4981987151902004,53,65,0,18824.0,14284.9,rep1,0.13882607091408783
0.4040253424946894,0.6286688833288259,61,24,0,18610.4,14796.4,rep1,0.22464354083413646
0.4432564801837021,0.534351197062749,11,20,0,18603.0,14992.5,rep1,0.09109471687904691
0.37229635348892637,0.6725433796092309,65,52,1,18709.1,13537.7,rep1,0.30024702612030457
0.4347367570870154,0.6147382551368586,46,17,0,19288.5,13118.8,rep1,0.18000149804984322
0.3791692368771864,0.6867299772033231,38,17,0,18840.0,12464.7,rep1,0.3075607403261367
0.7926840028280356,0.588431861861815,4,40,13,19102.9,12544.9,rep1,-0.20425214096622069
0.3482545416705481,0.6504364308789328,51,52,0,17010.9,14767.9,rep1,0.3021818892083847
0.5909134810295642,0.5739079128093041,27,22,0,16162.7,14488.0,rep1,-0.017005568220260114
0.417810536296235,0.7580026420764285,41,14,0,17352.7,15830.3,rep1,0.34019210578019354
0.5047945735981871,0.5701199592372721,41,12,0,17369.2,15454.5,rep1,0.06532538563908497
0.5212459009607803,0.5941952356665143,23,12,0,15712.3,15144.6,rep1,0.07294933470573406
0.4720807948657378,0.6342351365817753,41,28,1,16288.5,13058.0,rep1,0.16215434171603754
0.9984366517913048,0.5901195281130291,4,46,2,16372.7,13008.1,rep1,-0.40831712367827566
0.35286858378411584,0.6588253957892586,60,27,0,16252.9,15178.4,rep1,0.30595681200514274
0.5885116420995866,0.5643697306613842,8,47,8,16825.1,12238.5,rep1,-0.024141911438202435
0.6364175673254798,0.37795878455738563,9,27,13,23066.9,25029.3,rep1,-0.2584587827680942
0.4638026815138846,0.5418666037033356,47,4,7,21971.6,24233.8,rep1,0.07806392218945102
0.5331022839508383,0.44155647260026787,58,16,4,20991.1,25287.9,rep1,-0.09154581135057038
0.5107560142923613,0.4704243008907949,18,21,16,20726.2,26065.4,rep1,-0.04033171340156638
0.708833965568923,0.6540365836460548,16,24,37,21244.9,24994.7,rep1,-0.054797381922868205
0.35223433167321844,0.3085382644703194,43,4,1,20313.7,26489.7,rep1,-0.043696067202899036
0.6383563583767267,0.4506763173021194,16,19,9,34103.2,14923.3,rep1,-0.18768004107460728
0.34077244989544864,0.7075772219951484,25,9,0,34067.8,14309.1,rep1,0.36680477209969975
0.7201689881082034,0.499687489623423,4,33,17,33452.6,14564.4,rep1,-0.22048149848478038
0.6930069776092032,0.5779660874714152,7,33,28,33058.9,14704.7,rep1,-0.11504089013778795
0.5892551935885181,0.7998955965970808,12,24,9,33087.0,14238.9,rep1,0.21064040300856268
0.34460215443464276,0.7193397111975296,61,46,2,32271.1,14540.5,rep1,0.37473755676288684
0.8098925359295026,0.5027213748260513,3,34,9,31785.3,14912.4,rep1,-0.30717116110345133
0.5290773056516827,0.491566504232456,44,22,1,32825.6,13783.4,rep1,-0.037510801419226636
0.39216983512137343,0.6972963637395089,48,11,0,31553.4,13864.6,rep1,0.30512652861813544
0.36733905760750407,0.5603541994142671,14,26,10,32091.6,13250.7,rep1,0.19301514180676305
0.5774000177564078,0.5147671909528335,20,27,29,32932.5,12299.9,rep1,-0.06263282680357429
0.3459570632184656,0.35489242240905633,55,30,24,33057.3,12089.2,rep1,0.008935359190590741
0.6949890160920443,0.39997147435949676,5,19,8,31263.9,12282.4,rep1,-0.2950175417325476
0.45475161202864556,0.7711493597360171,45,4,0,3148.4,16448.7,rep1,0.3163977477073715
0.5017703484381518,0.4288340394961166,20,19,7,14388.6,7771.5,rep1,-0.07293630894203523
0.5239242313854793,0.6562365844625864,36,15,5,18846.8,19036.1,rep1,0.1323123530771071
0.3525534077867079,0.6705993051139434,26,13,0,18861.2,19060.2,rep1,0.3180458973272355
0.33660100134843457,0.6696529297820557,43,26,0,18044.9,19408.3,rep1,0.33305192843362114
0.36873556056348217,0.6236076945213204,43,41,16,18949.2,17568.1,rep1,0.2548721339578382
0.4045436660669748,0.7336373312442941,24,28,0,18236.5,17249.2,rep1,0.3290936651773193
0.4089930631353907,0.7414735795526739,38,33,0,17967.9,17684.8,rep1,0.3324805164172832
0.33533060713224533,0.5341922593561477,56,24,0,17561.0,18824.9,rep1,0.19886165222390234
0.5460956062345005,0.8099150593851581,28,16,0,18746.0,16106.7,rep1,0.2638194531506576
0.4320307478335761,0.6922185030188005,42,8,0,18445.7,17496.8,rep1,0.2601877551852244
0.5739142865492025,0.5374328821122573,23,51,0,17562.0,16292.4,rep1,-0.03648140443694525
0.6165538876742039,0.5639640799763634,16,14,4,18160.0,18310.3,rep1,-0.052589807697840496
0.4575108245674829,0.6951830465481005,22,24,3,16156.4,19141.7,rep1,0.2376722219806176
0.33117795478154677,0.6753374770813627,55,23,0,16408.9,17689.0,rep1,0.34415952229981595
0.4306315759782242,0.7263765218895579,35,19,0,16439.8,16916.2,rep1,0.2957449459113337
0.32824425563111204,0.6266529597544938,50,23,0,15934.9,16728.6,rep1,0.2984087041233817
0.6737025040792526,0.5186194580742636,17,37,7,16922.8,18676.4,rep1,-0.155083046004989
0.27352676422159383,0.6478917888171092,46,29,0,16470.5,16188.4,rep1,0.37436502459551535
0.3930091789847376,0.6897010322029121,23,22,0,16451.5,19823.1,rep1,0.29669185321817454
0.41329242101168473,0.6980896644059946,51,3,1,22719.8,30824.1,rep1,0.2847972433943099
0.37156941915710906,0.5550093948382518,28,7,5,30570.0,7480.6,rep1,0.1834399756811428
0.4597595679445498,0.2634254969512838,13,29,14,29669.2,7369.7,rep1,-0.196334070993266
0.5268858416669226,0.35046542791016033,53,26,19,30063.9,6968.0,rep1,-0.17642041375676232
0.6319007469966678,0.31023985206882954,4,21,7,30341.6,7174.3,rep1,-0.3216608949278382
0.5256214192819633,0.6721637751609296,34,13,0,29783.4,5176.9,rep1,0.14654235587896636
0.40008845452165664,0.2241487283478239,35,7,6,29092.5,6449.0,rep1,-0.17593972617383274
0.3785342201478309,0.5354104086292529,42,21,16,29301.4,4570.2,rep1,0.15687618848142204
0.34373938678401245,0.5170213683342597,42,6,0,30438.6,4725.2,rep1,0.17328198155024727
0.602902660522526,0.3346519119727981,3,16,5,28219.0,6907.7,rep1,-0.26825074854972786
0.36631355700887347,0.6191644514539688,23,6,1,27609.0,6064.2,rep1,0.25285089444509534
0.32173757047985496,0.5856126847245998,41,13,0,27271.2,6621.6,rep1,0.26387511424474486
0.7451766808636433,0.6082354612446663,4,15,10,28307.7,5751.5,rep1,-0.13694121961897698
0.860665966343712,0.43778181505708713,10,18,2,28431.6,5286.2,rep1,-0.4228841512866248
0.41686576997963876,0.5958017680242194,48,27,0,33412.3,19191.2,rep1,0.1789359980445806
0.6010029918229353,0.545526782596205,35,19,0,33978.4,18271.3,rep1,-0.055476209226730244
0.4627096664077918,0.4240773892219791,31,50,60,34243.4,17439.0,rep1,-0.03863227718581275
0.395006725074824,0.6845486764162498,42,10,0,31754.1,16787.5,rep1,0.28954195134142585
0.9146211760123936,0.6176132002941974,7,33,6,32304.2,19218.9,rep1,-0.29700797571819615
0.5060836666241327,0.7198825292259134,50,12,0,32736.2,18372.1,rep1,0.21379886260178071
0.32825607243426025,0.6707545321207355,42,7,0,32778.3,16921.3,rep1,0.3424984596864753
0.41421013278946056,0.6052236191490323,38,34,0,32397.9,18384.7,rep1,0.19101348635957177
0.5068051038364972,0.6594982583104914,48,27,2,32063.8,18792.3,rep1,0.15269315447399412
0.5615113897737253,0.5172766424922195,39,23,0,31390.9,18954.4,rep1,-0.04423474728150578
0.4649548718187479,0.6674909960880315,71,8,0,31129.5,19302.6,rep1,0.20253612426928363
0.513483770721555,0.5866165985919708,36,22,9,31373.2,19546.3,rep1,0.07313282787041575
0.6848026544037793,0.5392862447958351,16,32,20,31708.4,19245.4,rep1,-0.1455164096079442
0.42831743414058354,0.691819845864781,44,23,5,31839.3,19670.0,rep1,0.2635024117241974
0.318683842535886,0.6950685560712899,62,31,0,31520.1,17800.4,rep1,0.3763847135354039
0.41062418308020104,0.68760378931216,32,16,0,31312.6,18173.3,rep1,0.276979606231959
0.42649628929724176,0.7257493256259459,49,18,0,31387.7,18550.4,rep1,0.2992530363287041
0.33780544340978375,0.6761544033556787,24,9,2,32042.6,17833.6,rep1,0.3383489599458949
0.39886745841811994,0.6075082332050115,28,19,0,32532.0,17851.1,rep1,0.20864077478689153
0.39512990941723025,0.46004035926892933,56,6,0,2726.0,23131.3,rep1,0.06491044985169908
0.36552536560327087,0.43911114966892645,25,5,0,1774.2,21905.9,rep1,0.07358578406565558
0.7691425264232521,0.5423957960508482,7,14,8,15230.0,9380.0,rep1,-0.2267467303724039
0.30484989156829373,0.6672594301268877,63,5,1,12427.1,8429.9,rep1,0.362409538558594
0.4008873953358163,0.7347706179865716,44,5,0,18944.4,21269.6,rep1,0.3338832226507553
0.5220856731948702,0.6056417810048639,27,11,0,18476.1,22794.6,rep1,0.08355610780999367
0.3722414961011006,0.6251048661636452,53,14,0,16471.7,22483.2,rep1,0.25286337006254467
0.3963725506191123,0.5687435240528204,47,6,0,15998.6,23203.8,rep1,0.17237097343370805
0.5216589552776689,0.6893037723735825,58,13,0,16210.2,20142.6,rep1,0.1676448170959136
0.8181470246823722,0.5206029392363682,8,40,10,16252.2,20111.3,rep1,-0.29754408544600397
0.31777958862891365,0.7229732626200298,55,16,0,15982.4,21915.3,rep1,0.40519367399111617
0.4748868958825171,0.6765018147267287,36,5,0,29941.3,10331.3,rep1,0.20161491884421157
0.7752968005321257,0.42207835255444676,5,18,10,30141.6,8323.3,rep1,-0.35321844797767893
0.40133803314680055,0.5986456106649372,57,6,0,29273.8,9697.8,rep1,0.1973075775181366
0.4610768293163363,0.32556552042324927,8,13,0,28599.7,8742.8,rep1,-0.13551130889308705
0.4922588356855577,0.7887269995429097,42,7,0,29000.0,8819.9,rep1,0.296468163857352
0.9402463755325005,0.4484702813661823,3,5,1,29056.5,10701.6,rep1,-0.4917760941663182
0.37504623953879446,0.6677820598037888,28,4,0,28095.2,8136.6,rep1,0.29273582026499434
0.4123610321994753,0.661892664335699,51,4,2,28560.1,8424.7,rep1,0.24953163213622376
0.41844511306309623,0.7221828763850924,39,4,0,28966.7,8366.9,rep1,0.30373776332199615
0.4853856305969741,0.6170170377685991,42,15,0,27983.5,11376.0,rep1,0.13163140717162497
0.41866026167996184,0.6616347710069412,49,19,0,27900.4,11839.5,rep1,0.2429745093269794
0.44186889544867514,0.6507180115034781,68,32,2,28794.2,11689.3,rep1,0.20884911605480294
0.43831448094943526,0.3558422725712901,9,8,10,30347.3,9849.9,rep1,-0.08247220837814517
0.748795427419701,0.5614494650099291,6,29,15,27278.0,11187.9,rep1,-0.18734596240977186
0.3681194434142485,0.44693341947029247,39,4,0,27347.8,10628.8,rep1,0.07881397605604396
0.3546545414339465,0.36432010364028733,53,26,17,29382.1,9146.1,rep1,0.00966556220634085
0.7036923056661367,0.49015662417573375,12,15,0,27477.9,9371.9,rep1,-0.21353568149040297
0.4289886943487918,0.4901672323992818,47,5,0,27617.6,9097.4,rep1,0.061178538050490006
0.41432760006193636,0.5379573891557544,39,7,0,28645.0,10751.0,rep1,0.12362978909381805
0.26018967006072047,0.34733160724667905,36,6,1,34770.0,22939.0,rep1,0.08714193718595858
0.428835160160012,0.6870764137523883,61,13,0,33217.1,22054.4,rep1,0.25824125359237626
0.48114642096307547,0.4867290799948228,20,25,5,31557.1,21040.6,rep1,0.005582659031747317
0.5292720367365314,0.7542224312449791,40,6,0,43303.3,11414.0,rep1,0.22495039450844767
0.3024256211869073,0.6078753190489671,44,46,0,15111.2,15310.5,rep1,0.3054496978620598
0.49471594751868025,0.5054127885626248,41,16,0,13569.3,14706.9,rep1,0.010696841043944583
0.577391109501778,0.6092323655998811,58,11,0,13769.1,14750.3,rep1,0.03184125609810318
0.3161007079207226,0.6780759011006393,46,16,0,15277.3,14209.7,rep1,0.3619751931799167
0.4428069422063025,0.6081957956351821,67,13,5,15458.2,13347.5,rep1,0.1653888534288796
0.40586687355554796,0.5116817902740831,21,22,5,14399.0,13794.5,rep1,0.10581491671853516
0.6213980043909735,0.4675243472554027,18,12,3,13348.2,14230.5,rep1,-0.15387365713557077
0.6733001865339682,0.3424102576612532,4,20,10,13004.9,13063.4,rep1,-0.33088992887271496
0.9012634977314907,0.23084435246639334,4,18,9,14090.5,12540.8,rep1,-0.6704191452650974
0.6377239747240113,0.31719089379986626,18,39,10,12456.1,13199.6,rep1,-0.32053308092414506
0.37007394020397616,0.6718512196355922,61,27,0,14139.6,14011.2,rep1,0.3017772794316161
0.3966153348568074,0.6754312928865932,36,5,0,11871.1,14861.1,rep1,0.2788159580297858
0.38590975109767733,0.5089006446751199,36,4,0,12297.7,14197.2,rep1,0.12299089357744253
0.4517529521244777,0.6495486765767575,25,23,0,13406.2,14947.1,rep1,0.19779572445227983
0.3475200357351846,0.3902488403302327,33,11,0,17519.4,26293.3,rep1,0.04272880459504813
0.4364011842814876,0.686687130235749,65,7,0,25525.6,3925.6,rep1,0.2502859459542614
0.4243108127120667,0.3656179441276175,62,6,0,25608.6,3608.4,rep1,-0.05869286858444922
0.34777475487024406,0.5164719594139726,55,11,0,24876.3,3373.8,rep1,0.16869720454372855
0.4913771513480829,0.5389894086193225,42,11,1,24960.9,3693.6,rep1,0.04761225727123963
0.4868230979789952,0.7265232607036338,12,17,0,30027.9,14660.3,rep1,0.23970016272463862
0.6198997623785675,0.5928432418095342,3,33,4,30617.1,14825.6,rep1,-0.027056520569033293
0.4017127884161264,0.6492671076103951,34,28,0,30655.4,14882.0,rep1,0.24755431919426868
0.8591495263970139,0.4374745983757013,4,54,13,30743.5,14950.4,rep1,-0.4216749280213126
0.44547250736164773,0.7337704373167641,36,15,0,29206.0,15177.4,rep1,0.2882979299551163
0.4068234916231039,0.6311066704485246,54,16,0,29430.1,14092.1,rep1,0.22428317882542076
0.3788638832060445,0.6699695253404221,56,21,0,28367.7,14739.7,rep1,0.29110564213437756
0.7739047391893868,0.5157951131209642,13,47,10,28971.2,13168.3,rep1,-0.2581096260684227
0.4230455889783239,0.6191267172032213,43,18,0,28346.0,13301.8,rep1,0.19608112822489743
0.3736342534305339,0.6357357899436888,59,31,0,27334.7,13434.3,rep1,0.26210153651315493
0.39425629782198457,0.7073951840903171,60,23,0,27756.7,13674.4,rep1,0.31313888626833253
0.49731108852609784,0.7835638445371842,53,12,0,27270.9,15330.4,rep1,0.28625275601108635
0.39899483446164247,0.5338610314757218,15,49,9,27300.3,15802.1,rep1,0.13486619701407937
0.39779291489600926,0.6923871090847178,30,26,0,27519.6,15794.6,rep1,0.2945941941887085
0.36827816687095644,0.722802115259726,35,30,1,27644.6,15242.3,rep1,0.3545239483887696
0.3309032854312512,0.6130602257683889,70,70,11,29170.3,13062.0,rep1,0.28215694033713773
0.41784570157765405,0.6228590892936284,36,17,0,27563.8,14063.4,rep1,0.20501338771597438
0.3754836713177226,0.4365944226021689,4,17,9,33501.3,23958.8,rep1,0.06111075128444632
0.2922783569128508,0.7968234551366313,47,6,0,32447.9,24671.7,rep1,0.5045450982237805
0.4789332472276149,0.6916113718560032,47,3,0,33373.1,24571.4,rep1,0.2126781246283883
0.3505669193218642,0.6730024114828036,62,16,1,11163.8,7123.5,rep1,0.3224354921609394
0.44653017115513105,0.741850649624511,80,5,0,8369.4,5714.5,rep1,0.2953204784693799
0.34981996583206276,0.580208151272137,41,10,0,8048.7,7153.2,rep1,0.23038818544007422
0.5348788148322811,0.577230145212119,40,16,0,15088.8,19380.0,rep1,0.04235133037983796
0.4787243602307484,0.6192011790780338,35,23,0,15361.8,19764.8,rep1,0.14047681884728547
0.48642380186151607,0.6332585871201574,28,12,0,14422.6,19646.6,rep1,0.1468347852586413
0.42827899118590235,0.552380446430643,38,18,0,15436.3,16545.9,rep1,0.12410145524474064
0.593245357390688,0.5941194111209083,26,13,0,15004.5,16711.6,rep1,0.0008740537302203144
0.7026048421840388,0.5082476349531784,10,23,9,13541.8,16328.9,rep1,-0.19435720723086047
0.39732614323545806,0.686702470443966,56,24,0,14791.7,18306.5,rep1,0.289376327208508
0.3958870809076653,0.5194045888758401,45,21,0,14660.3,17569.8,rep1,0.12351750796817479
0.5083459140627489,0.5771044309306248,18,28,0,14682.2,17590.3,rep1,0.06875851686787593
0.31805732820463706,0.5964862798027591,46,19,0,14718.2,17883.3,rep1,0.2784289515981221
0.38813289825833647,0.6477987294830962,60,30,3,13677.6,17635.7,rep1,0.2596658312247598
0.4212986257523277,0.7138558268958156,48,12,0,13918.5,17079.0,rep1,0.29255720114348793
0.8630393199261882,0.5824472243599567,8,37,0,13117.6,19458.3,rep1,-0.28059209556623155
0.8895464161110852,0.6343550589494897,9,17,13,13132.3,18565.3,rep1,-0.25519135716159547
0.3672247874756249,0.49333480151548054,27,4,0,12405.2,18101.2,rep1,0.1261100140398556
0.3574009214482535,0.455494207276486,49,18,10,11855.0,18287.0,rep1,0.09809328582823251
0.44265838058730306,0.6134299986414044,29,14,0,13721.2,19385.7,rep1,0.1707716180541013
0.636689401113829,0.6289212516611228,31,30,16,11799.1,17208.8,rep1,-0.007768149452706208
0.6504218817220732,0.36336235415691054,10,20,13,12868.5,17217.7,rep1,-0.2870595275651626
0.5726640041835145,0.5440561387996988,4,15,11,25956.4,5622.9,rep1,-0.028607865383815656
0.37698069028057946,0.565316804179892,51,13,0,24932.3,5698.9,rep1,0.1883361138993126
0.4783214750289898,0.3938894439172653,43,15,5,25292.3,5684.2,rep1,-0.08443203111172448
0.7718645408609017,0.38977083134187424,14,25,10,25341.7,5675.1,rep1,-0.3820937095190275
0.26947940317473923,0.6467262426408962,54,5,0,26715.0,7404.0,rep1,0.37724683946615695
0.7249113962031088,0.3746354034608497,14,7,13,26558.0,4816.5,rep1,-0.3502759927422591
0.4985527739110442,0.6739152025027499,49,4,0,24336.5,4627.9,rep1,0.17536242859170575
0.4314422751813136,0.7762848179164938,41,7,0,23593.7,5268.6,rep1,0.3448425427351802
0.4743506207230073,0.8650483914994529,43,7,0,23884.4,5356.6,rep1,0.3906977707764456
0.5393889441427299,0.5844582066911782,24,8,0,24047.6,5282.7,rep1,0.04506926254844834
0.3609030280096216,0.5816492053347688,41,11,0,24126.9,5513.9,rep1,0.22074617732514723
0.49696873132298336,0.7329754402603457,55,6,0,24815.8,6547.6,rep1,0.2360067089373623
0.30130041062618884,0.5235781605701918,67,59,12,30509.5,18689.7,rep1,0.22227774994400296
0.7745910170392301,0.6201723777012013,6,12,3,29382.7,19484.4,rep1,-0.1544186393380288
0.5378462872922466,0.3960321163875283,14,31,9,29917.7,19124.7,rep1,-0.14181417090471832
0.4091242982589544,0.6960869902033382,35,24,0,29960.5,19155.3,rep1,0.2869626919443838
0.36406592741845456,0.5665034968395019,69,15,0,30017.4,18620.8,rep1,0.2024375694210473
0.4173515343882533,0.6498478634665366,41,13,0,28712.5,17738.4,rep1,0.23249632907828327
0.34581144190354157,0.7228458593646977,37,23,0,29134.1,18447.9,rep1,0.3770344174611561
0.3242844110682388,0.6097400846498813,60,21,0,30654.3,16935.9,rep1,0.2854556735816425
0.3176364575229659,0.6663239238084034,41,23,0,28867.7,17613.6,rep1,0.34868746628543756
0.4439080010790487,0.6728144920034033,60,18,0,29872.2,16846.4,rep1,0.22890649092435456
0.4107186877617313,0.510206393931184,51,42,0,28627.7,19544.0,rep1,0.09948770616945274
0.5809856365750394,0.48623715953670577,27,26,9,28648.2,19297.5,rep1,-0.09474847703833367
0.3003935659938597,0.6082753715378718,50,44,15,29147.4,19150.8,rep1,0.3078818055440121
0.5033133731574325,0.6361375294870123,48,28,0,28450.4,17759.3,rep1,0.13282415632957978
0.3479856590425817,0.6533779100637752,41,18,0,27444.4,17958.9,rep1,0.3053922510211935
0.3776777878753416,0.4330535515262175,35,6,0,27301.0,18392.2,rep1,0.055375763650875875
0.5243147697180872,0.5810500957257351,21,43,14,27439.2,17486.0,rep1,0.05673532600764786
0.45760717981429067,0.5839230754275548,23,18,5,29703.1,18386.9,rep1,0.12631589561326417
0.3784898745676818,0.43512908995335503,53,31,27,40113.0,7759.8,rep1,0.056639215385673236
0.3520386268973553,0.5896417474018789,55,8,0,40196.4,5671.2,rep1,0.2376031205045236
0.4725151989218041,0.6155405654153361,39,7,0,8725.8,11223.2,rep1,0.14302536649353198
0.5275093022428209,0.8503918288895864,43,8,0,8990.2,10476.4,rep1,0.32288252664676553
0.436835972173836,0.5399793245612752,48,4,0,8161.6,8189.8,rep1,0.10314335238743916
0.392949387591848,0.5937521911208637,65,11,0,15045.0,22837.1,rep1,0.20080280352901575
0.3632010004917199,0.30274317594513817,27,10,10,11792.4,23455.1,rep1,-0.06045782454658172
0.44890995219492213,0.5817218127178779,51,7,1,13159.0,23740.6,rep1,0.1328118605229558
0.8089683179064913,0.5589232788651105,20,37,21,26908.5,11772.2,rep1,-0.25004503904138076
0.35637510496180136,0.4644658470251406,45,17,1,26856.9,10648.2,rep1,0.10809074206333924
0.30659292920530795,0.6135493530029683,68,4,0,26429.3,10002.0,rep1,0.30695642379766036
0.5156970917266704,0.7676286011097507,38,8,0,25400.4,11718.9,rep1,0.2519315093830803
0.4623090089891422,0.5473547185614065,37,14,0,25986.1,11621.5,rep1,0.08504570957226432
0.7403634798975777,0.43755570160477913,4,20,10,26296.1,8319.1,rep1,-0.30280777829279854
0.581635750618821,0.7710732655434841,50,5,2,26329.1,8337.5,rep1,0.1894375149246631
0.4712342493987956,0.5920296402409452,62,9,1,24929.8,8297.4,rep1,0.12079539084214957
0.7142225598451264,0.4507735565420842,18,18,8,25105.8,8088.8,rep1,-0.2634490033030422
0.45325982596446146,0.6040304995843089,32,7,1,25380.6,8744.5,rep1,0.15077067361984742
0.3961254809219742,0.5479536585153625,56,10,0,24000.3,10855.4,rep1,0.1518281775933883
0.45479443701888905,0.7306775945507413,47,8,0,24215.0,10789.5,rep1,0.2758831575318523
0.38997775269522106,0.7925757122785245,58,22,0,29943.6,22475.8,rep1,0.40259795958330347
0.3448174738656815,0.5444782851062633,59,8,0,30348.6,22710.2,rep1,0.19966081124058177
0.3772047631414854,0.7576256338103723,36,5,0,30370.7,20051.8,rep1,0.3804208706688869
0.40806935927043064,0.6939795744319006,67,8,0,28654.3,22567.4,rep1,0.28591021516146997
0.3267297101931604,0.6984219544222023,43,17,0,28229.4,20004.0,rep1,0.37169224422904196
0.35167231916718444,0.671403488146676,50,10,0,28436.3,20278.5,rep1,0.3197311689794916
0.3644830613153621,0.8078498937132144,44,7,1,27525.8,21222.4,rep1,0.44336683239785224
0.29236497431509284,0.42191435513084047,11,46,50,41249.5,10119.9,rep1,0.12954938081574763
0.3641681317387687,0.6780009882950575,53,4,0,42152.6,11194.1,rep1,0.3138328565562888
0.3015857511090209,0.60425628714621,30,6,0,40225.8,9555.3,rep1,0.30267053603718913
0.370513311678401,0.561593107383363,71,9,0,44404.3,22087.0,rep1,0.19107979570496197
0.4203638667434705,0.59034619568445,63,14,2,9876.4,14860.8,rep1,0.16998232894097953
0.3921351868047788,0.482915133419777,69,9,1,10969.7,15052.6,rep1,0.09077994661499816
0.5339943290283251,0.5709741546774214,41,5,1,10740.9,15066.4,rep1,0.0369798256490963
0.38466521924014624,0.6499911788785885,58,6,3,11176.6,15180.3,rep1,0.26532595963844224
0.49465457245572997,0.7302967958597281,64,3,3,10445.4,13302.3,rep1,0.2356422234039981
0.52846060574648,0.6289672119175751,38,8,1,10643.0,15610.7,rep1,0.10050660617109508
0.6734731543433272,0.46692281170223016,16,32,26,11019.6,15466.3,rep1,-0.20655034264109706
0.45018117222767584,0.4866580985905748,47,23,23,9572.9,15339.0,rep1,0.036476926362898954
0.4657608842960547,0.5106438709717078,40,21,23,9556.3,15116.1,rep1,0.0448829866756531
0.32184981878462465,0.4723159585675882,76,11,0,11095.7,14211.4,rep1,0.15046613978296353
0.4655561507445675,0.7126647083091917,70,5,1,9639.1,14465.4,rep1,0.2471085575646242
0.48408987306123746,0.7981559264116814,35,8,3,10033.6,15747.9,rep1,0.31406605335044396
0.43433559861914434,0.6039002871847647,46,6,1,11225.5,14121.7,rep1,0.1695646885656204
0.466566036465107,0.5630729061016901,49,4,0,8479.3,12470.3,rep1,0.09650686963658311
0.4700624072959633,0.33467610807689063,32,13,9,9150.1,15740.6,rep1,-0.1353862992190727
0.4892553079270748,0.4027899787984281,59,14,14,9319.1,13918.2,rep1,-0.08646532912864668
0.4112217336829412,0.6217831352388059,68,10,0,13371.2,24014.9,rep1,0.21056140155586472
0.37723572295806823,0.6372103546848672,46,40,0,26843.3,15139.9,rep1,0.25997463172679897
0.38418208741114307,0.7209771672276925,57,27,0,27038.5,13423.9,rep1,0.3367950798165494
0.47649560200836577,0.5609882640569857,47,47,2,25449.2,14670.5,rep1,0.08449266204861988
0.39613572969145416,0.5785292222766595,49,34,4,25439.4,13403.5,rep1,0.18239349258520532
0.3948904356809152,0.6279640568235711,33,8,1,25740.4,12549.3,rep1,0.23307362114265595
0.5160073787371403,0.6006981612814889,33,19,0,25886.0,15597.0,rep1,0.08469078254434859
0.44260610497596076,0.6564112686588529,29,19,0,24980.3,15055.7,rep1,0.21380516368289215
0.31430675748547837,0.6344330158939973,34,29,0,24991.8,14536.4,rep1,0.3201262584085189
0.5217993441881615,0.5633411648494724,51,16,0,25086.0,13996.9,rep1,0.041541820661310846
0.5429578797849641,0.6611423242119299,26,21,0,24415.2,14125.9,rep1,0.11818444442696574
0.429899971020245,0.619549962266462,47,16,0,24602.9,14192.5,rep1,0.18964999124621695
0.6617691986562396,0.663502737794778,25,18,10,26013.1,13989.5,rep1,0.0017335391385383536
0.31985912620565526,0.6358908088023568,69,35,0,26640.0,14419.0,rep1,0.31603168259670156
0.5646730864335079,0.586241485549763,20,51,2,23967.1,13079.7,rep1,0.021568399116255077
0.47137085318801936,0.6584400453638161,39,20,0,24079.5,13460.9,rep1,0.1870691921757967
0.39300804018032603,0.7163960122989039,71,14,0,23523.5,15838.4,rep1,0.3233879721185779
0.44435309627546105,0.6051511036739845,58,22,0,23869.2,15342.4,rep1,0.16079800739852346
0.8642528950060295,0.5416828248295629,13,40,5,24606.3,13522.9,rep1,-0.32257007017646666
0.3266081603785037,0.7171428586422511,85,29,0,24740.4,13568.1,rep1,0.3905346982637474
0.2623051263657101,0.655054250854354,55,39,0,25192.8,13610.9,rep1,0.3927491244886439
0.3901510593947791,0.41650875410562815,23,30,7,25995.6,13620.4,rep1,0.026357694710849033
0.35705121820710983,0.7441784391421358,45,7,0,23671.3,14324.5,rep1,0.38712722093502594
0.4238695165298603,0.7194731812018585,34,18,0,24607.6,12858.2,rep1,0.2956036646719982
0.36832910928264306,0.5908164074493201,40,4,1,29190.0,26297.9,rep1,0.222487298166677
0.49861765855240403,0.6141566738434803,13,5,0,29145.5,26043.9,rep1,0.11553901529107624
0.4422786509651837,0.3328169324952539,26,6,4,29638.4,25854.2,rep1,-0.1094617184699298
0.5363251985970181,0.5613189088879492,41,7,0,29843.0,26020.1,rep1,0.024993710290931115
0.3539976143350498,0.5968353965752123,65,6,0,27443.8,25926.3,rep1,0.24283778224016256
0.3498175935705814,0.3599692719199874,19,18,0,27313.6,26427.7,rep1,0.010151678349406001
0.5006929234370434,0.5812561415295477,63,7,0,41872.8,12327.1,rep1,0.08056321809250433
0.44348190351908906,0.5427511855243886,45,5,0,40355.9,12375.7,rep1,0.09926928200529955
0.5624664528638276,0.4964640374203205,41,14,10,39437.2,15067.9,rep1,-0.06600241544350705
0.4752474736765646,0.6665368866228241,68,7,0,39743.0,14006.1,rep1,0.19128941294625945
0.33267570250326484,0.4393144414532229,45,13,12,11000.9,18924.0,rep1,0.10663873894995807
0.5431534815290853,0.37009945291712887,30,27,12,10507.5,18613.3,rep1,-0.1730540286119564
0.4767178356814036,0.4232552001692933,4,31,16,11236.6,19822.3,rep1,-0.05346263551211028
0.28448679089269635,0.5761512278234943,40,6,1,11245.1,16637.1,rep1,0.2916644369307979
0.454842332628092,0.5039608823268235,9,12,8,9920.8,18995.3,rep1,0.04911854969873147
0.773411594240599,0.47496768331115025,9,33,24,9921.2,18952.2,rep1,-0.2984439109294488
0.25414543514827725,0.4329623374492999,26,10,3,10601.0,19555.2,rep1,0.17881690230102265
0.7112351436213931,0.3898514563838468,8,28,31,11016.3,16044.8,rep1,-0.3213836872375463
0.5102444501662134,0.7000066888414292,80,9,3,9808.4,16540.0,rep1,0.1897622386752158
0.42113351528010595,0.6025814792600942,46,8,3,9124.7,18306.8,rep1,0.18144796397998825
0.6312071159267085,0.45641156291040874,35,14,0,8201.8,18494.5,rep1,-0.1747955530162998
0.38759596790321865,0.4766593516016272,59,7,0,14042.9,30476.7,rep1,0.08906338369840855
0.3773700117260436,0.7092114182553197,66,5,0,23157.3,6954.4,rep1,0.33184140652927613
0.4879649960025027,0.6708792155279816,49,8,0,22457.5,6155.0,rep1,0.18291421952547887
0.4146355718716496,0.5022916547835325,3,26,14,22889.5,6446.2,rep1,0.08765608291188293
0.48383536679261885,0.5649821857455161,43,4,0,22285.3,5909.6,rep1,0.08114681895289722
0.388060479404464,0.2271051363099632,40,4,0,22587.5,4665.3,rep1,-0.16095534309450077
0.4073557172873076,0.5983007617268742,41,4,0,22359.8,4735.1,rep1,0.1909450444395666
0.3795861640894941,0.4500724742977303,47,21,3,21750.3,7646.2,rep1,0.0704863102082362
0.574904040397855,0.5942849223571454,45,5,0,22207.3,5459.7,rep1,0.01938088195929033
0.4599391583271092,0.532494970283721,59,4,0,20469.9,5213.1,rep1,0.07255581195661176
0.41095313523539523,0.5461958729097929,47,3,0,21521.9,5133.0,rep1,0.13524273767439765
0.4389820681750872,0.6477967644810319,42,5,0,21554.8,5160.2,rep1,0.20881469630594462
0.7118310609617023,0.47420675999416645,9,16,13,19532.6,7454.8,rep1,-0.2376243009675359
0.47198875273596563,0.44915256247953883,40,4,1,19955.5,7495.6,rep1,-0.022836190256426803
0.8281527781921871,0.39288778714778216,10,19,9,19946.1,7521.3,rep1,-0.43526499104440497
0.364147172829048,0.5853643440858157,32,18,0,26851.9,19294.7,rep1,0.2212171712567677
0.442111460280433,0.7051737560491655,32,19,0,26969.6,19810.6,rep1,0.2630622957687325
0.6616034228559093,0.8017135363916792,27,8,2,25895.8,18535.2,rep1,0.14011011353576985
0.26598255901636647,0.46381500490150274,73,5,0,26091.5,18925.3,rep1,0.19783244588513627
0.6947275700319154,0.4695542464900784,34,27,10,26224.3,18791.7,rep1,-0.22517332354183706
0.39840473074984506,0.5345569361351273,41,15,0,26606.1,18660.7,rep1,0.13615220538528228
0.36978293189986383,0.5516554957861559,44,11,0,26748.8,17075.3,rep1,0.18187256388629208
0.8311183263984352,0.5082832255727623,21,34,5,25622.1,17709.5,rep1,-0.3228351008256729
0.5249892196655829,0.7674729058688826,36,12,0,27025.2,17937.9,rep1,0.24248368620329974
0.3208547436534893,0.6221320994239642,37,6,0,25298.6,18787.6,rep1,0.3012773557704749
0.32079258093450813,0.6383182543151414,35,8,1,24758.3,17225.7,rep1,0.3175256733806333
0.49389949467205163,0.43708635995542533,44,5,1,24983.3,19689.2,rep1,-0.0568131347166263
0.3020531308435502,0.5339283904624457,63,10,3,23964.8,18007.9,rep1,0.2318752596188955
0.4273871027707659,0.4303249985529716,55,57,7,24982.7,16559.3,rep1,0.002937895782205713
0.34848176869607067,0.6509862312282768,89,9,0,37406.1,4929.4,rep1,0.30250446253220614
0.3529798985329898,0.5321260986788455,51,6,0,35493.1,6592.7,rep1,0.17914620014585575
0.28699936087510936,0.662837400363386,52,15,0,35751.5,4626.9,rep1,0.37583803948827665
0.3764977812204428,0.3956282405036631,87,7,0,41374.0,18986.4,rep1,0.01913045928322027
0.4548750813614915,0.3851538838179737,10,31,35,40733.3,17740.4,rep1,-0.0697211975435178
0.5139442564844812,0.37863009940960407,6,21,0,40791.5,18780.7,rep1,-0.1353141570748771
0.5719199548399374,0.4992253987428808,47,3,1,38925.1,17661.7,rep1,-0.0726945560970566
0.5537442594874245,0.4839612344736768,37,6,1,39747.2,16037.7,rep1,-0.06978302501374767
0.40887306816931684,0.5218518906563424,48,6,0,5042.4,10348.1,rep1,0.11297882248702557
0.5525594746572566,0.31611912759429156,31,18,1,9357.3,21364.6,rep1,-0.23644034706296507
0.7141549388587448,0.5224475640221757,24,8,7,9680.0,20997.9,rep1,-0.19170737483656908
0.8578391773923206,0.41011813324158986,21,18,8,8848.3,20674.8,rep1,-0.4477210441507308
0.5466078759596558,0.4525218518388829,17,27,8,8427.4,21033.5,rep1,-0.09408602412077288
0.48066585346941887,0.5638502815338372,44,6,2,7932.4,21699.4,rep1,0.08318442806441834
0.39284663529318486,0.3529363287292323,45,7,6,8362.4,20164.6,rep1,-0.03991030656395256
0.32422697302425924,0.5789434388329054,40,7,0,23164.3,8261.5,rep1,0.2547164658086462
0.3127847558803814,0.6598553566993642,30,14,0,26785.8,22093.1,rep1,0.34707060081898283
0.3890603558812257,0.4746557400355888,32,3,0,25716.3,22790.1,rep1,0.08559538415436313
0.7117486935392111,0.4507374581643821,21,30,5,25798.8,22030.0,rep1,-0.261011235374829
0.46941136442587644,0.2648871477866172,47,19,9,24749.6,20438.5,rep1,-0.20452421663925924
0.2808772346783241,0.6907606317474477,36,24,0,26832.1,20057.1,rep1,0.40988339706912363
0.34306593052137463,0.6471701845789101,51,15,0,26060.0,20094.7,rep1,0.30410425405753544
0.7221297947282428,0.35266019945338045,5,18,7,24462.9,22077.2,rep1,-0.36946959527486234
0.5007259368273733,0.575023534425821,49,4,0,24478.8,20203.1,rep1,0.07429759759844767
0.2521302092280282,0.5805259568450644,52,22,0,26814.3,21584.8,rep1,0.32839574761703616
0.47708520151995804,0.35449438370106495,42,11,2,38435.3,11035.0,rep1,-0.12259081781889308
0.3829939135537512,0.6250298799610206,29,11,0,37842.2,11174.5,rep1,0.24203596640726938
0.36765997651989396,0.6596089592054801,49,42,0,19850.0,11953.3,rep1,0.29194898268558617
0.32342883938567313,0.6546322980219953,56,13,0,22543.5,12045.8,rep1,0.33120345863632217
0.40200678612484725,0.6548228967191968,32,11,0,19423.9,19372.5,rep1,0.25281611059434955
0.39796390400796927,0.5461301446332046,47,30,1,23264.0,17570.0,rep1,0.14816624062523537
0.3509722993776054,0.35018030254156346,37,18,12,11655.2,11140.6,rep1,-0.0007919968360419194
0.4813041355219679,0.5898029320294004,60,12,0,23310.1,11749.9,rep1,0.1084987965074325
0.42772750892769534,0.24628451416166397,48,4,0,10335.0,24272.7,rep1,-0.18144299476603137
0.5074782155007003,0.32250625910508246,4,23,9,22066.4,17675.0,rep1,-0.1849719563956178
0.34693179985280775,0.5548504405695284,35,15,3,22146.1,17703.8,rep1,0.20791864071672062
0.3662883330645158,0.6576732091151231,55,14,0,21551.3,17132.8,rep1,0.29138487605060726
0.48216600284819433,0.5007559644345384,34,39,5,21665.6,16486.4,rep1,0.018589961586344073
0.3401374283520332,0.5548207431108817,44,13,0,20745.6,17891.6,rep1,0.2146833147588485
0.9263265322952455,0.24026239549704526,11,19,11,21923.8,18034.5,rep1,-0.6860641367982003
0.37235792613834684,0.6494771525741742,37,18,0,19813.0,18859.3,rep1,0.2771192264358273
0.39263649473159246,0.7377068000683125,58,15,0,19906.9,19252.4,rep1,0.34507030533672
0.3434106184899529,0.643419311934811,77,39,0,20654.6,16477.3,rep1,0.30000869344485803
0.3191453694787223,0.6456704122114157,53,19,0,19836.2,17938.1,rep1,0.32652504273269345
0.26562679441774517,0.7057164374873969,86,27,1,19559.8,17766.6,rep1,0.4400896430696517
0.45794529582349136,0.6465490597995042,40,12,0,19779.9,17039.9,rep1,0.1886037639760128
0.46040381227364596,0.6843537186964258,45,14,3,19645.9,16688.6,rep1,0.22394990642277984
0.4148798349343161,0.48721313683681655,53,17,0,19177.5,9552.5,rep1,0.07233330190250042
0.803020343221651,0.4346401859034851,11,15,2,19141.3,10773.7,rep1,-0.36838015731816587
0.524082404222109,0.37741203292745357,41,9,0,19133.7,8857.5,rep1,-0.1466703712946555
0.5459408663010198,0.570318959886835,41,5,2,21463.8,20084.8,rep1,0.02437809358581522
0.44164586197427474,0.7078299497413211,62,5,0,7000.4,26803.7,rep1,0.26618408776704633
0.4722461479055748,0.44151510201315747,55,11,0,5548.6,24886.6,rep1,-0.03073104589241732
0.23476639818073458,0.7688426486644885,28,11,0,30193.0,3520.3,rep1,0.534076250483754
0.792080288223545,0.41054665643858623,11,15,6,29253.8,3834.9,rep1,-0.3815336317849588
0.4211795835187393,0.6840855208802793,66,17,0,29918.5,3743.1,rep1,0.26290593736154
0.4656128831317413,0.5682882239636737,51,15,2,28217.7,3309.1,rep1,0.10267534083193242
0.6965797015583429,0.4972683228700032,7,34,12,14189.6,9551.0,rep1,-0.1993113786883397
0.5458970360388337,0.48515585296292274,5,17,9,13808.4,10980.7,rep1,-0.06074118307591092
0.39730821967305197,0.4230612094583009,35,4,0,13601.1,11333.9,rep1,0.025752989785248925
0.3638456074445682,0.5851414285647654,39,16,10,12945.8,9894.2,rep1,0.2212958211201972
0.7076528100186428,0.2890813059827511,12,22,19,13600.7,10805.5,rep1,-0.41857150403589166
0.4039533296374464,0.253199413243938,15,27,14,12905.9,10361.2,rep1,-0.15075391639350838
0.29057754269597125,0.5754440212764049,43,8,1,11930.7,8949.1,rep1,0.2848664785804337
0.5097373531049204,0.6397030208541004,37,6,1,11188.2,9503.0,rep1,0.12996566774917995
0.43809313577731845,0.5978720992668796,52,7,0,11517.2,9023.0,rep1,0.1597789634895611
0.461703683736137,0.5142532969715524,39,13,9,11305.6,9036.4,rep1,0.052549613235415404
0.44983491014905297,0.4991535113217253,43,10,1,10102.4,10335.3,rep1,0.04931860117267234
0.46119654243711755,0.44265936388630833,62,4,0,23437.2,11080.7,rep1,-0.01853717855080922
0.7241732602406061,0.4196802044060699,4,17,9,23477.3,18228.2,rep1,-0.30449305583453623
0.5696633787869467,0.7494935283602034,29,9,0,23468.6,17154.5,rep1,0.17983014957325671
0.3423083053798835,0.6444541677293699,54,6,0,22733.0,9692.7,rep1,0.3021458623494864
0.3649879861079015,0.5853555823264022,80,11,0,22806.6,8735.4,rep1,0.22036759621850066
0.43496511731074045,0.6354018142316505,57,11,0,21127.3,10770.5,rep1,0.2004366969209101
0.42947659749785044,0.48851358955077245,54,6,0,21162.9,10753.9,rep1,0.05903699205292201
0.43651097208483797,0.6056539793691311,59,8,2,21610.1,9780.8,rep1,0.16914300728429316
0.5153508664672927,0.571016320230955,51,13,0,21054.7,8710.8,rep1,0.05566545376366239
0.408771528220759,0.4774699695026354,42,4,1,19982.2,10186.6,rep1,0.06869844128187641
0.5967102424501737,0.39438908198163053,23,20,0,20192.9,10644.9,rep1,-0.20232116046854315
0.9433768151437523,0.4496735674483941,8,21,13,19817.3,10726.4,rep1,-0.49370324769535817
0.4185117834563558,0.4052433984114735,63,11,0,19579.6,11169.4,rep1,-0.013268385044882314
