pole,Term,Adjusted P-value,Genes
APICAL,Positive Regulation Of Cell Cycle (GO:0045787),0.3266859858630047,FOXA1;CCND1;MDM2;EGFR
APICAL,Supramolecular Fiber Organization (GO:0097435),0.3266859858630047,DSP;MYO5B;KRT15;MDM2;KRT23;KRT7
APICAL,Intermediate Filament Organization (GO:0045109),0.3266859858630047,DSP;KRT15;KRT23;KRT7
APICAL,Positive Regulation Of miRNA Metabolic Process (GO:2000630),0.3266859858630047,FOXA1;GATA3;EGFR
APICAL,Positive Regulation Of miRNA Transcription (GO:1902895),0.3266859858630047,FOXA1;GATA3;EGFR
APICAL,Positive Regulation Of Protein Serine/Threonine Kinase Activity (GO:0071902),0.3266859858630047,CCND1;ERBB2;ADAM9;EGFR
APICAL,Negative Regulation Of Multicellular Organismal Process (GO:0051241),0.3266859858630047,FOXA1;TACSTD2;GATA3;EGFR
APICAL,Regulation Of miRNA Transcription (GO:1902893),0.3266859858630047,FOXA1;GATA3;EGFR
APICAL,Nervous System Development (GO:0007399),0.3266859858630047,CDH1;ERBB2;EGFR
APICAL,Positive Regulation Of MAP Kinase Activity (GO:0043406),0.3266859858630047,ERBB2;ADAM9;EGFR
APICAL,Negative Regulation Of Cell Differentiation (GO:0045596),0.3266859858630047,FOXA1;GATA3;EGFR
APICAL,Positive Regulation Of Protein Modification Process (GO:0031401),0.3266859858630047,CCND1;ERBB2;EGFR
APICAL,Epithelial Cell Differentiation (GO:0030855),0.3266859858630047,KRT15;KRT23;GATA3
APICAL,Regulation Of MAP Kinase Activity (GO:0043405),0.3266859858630047,ERBB2;ADAM9;EGFR
APICAL,Response To Lipid (GO:0033993),0.3266859858630047,FOXA1;SCD;S100A14
APICAL,Regulation Of Apoptotic Process (GO:0042981),0.3266859858630047,FOXA1;TOP2A;ERBB2;MDM2;EGFR
APICAL,Regulation Of Protein Phosphorylation (GO:0001932),0.3266859858630047,CCND1;ERBB2;EGFR
APICAL,Negative Regulation Of Cell Motility (GO:2000146),0.3266859858630047,CDH1;TACSTD2;GATA3
APICAL,Positive Regulation Of Phosphorylation (GO:0042327),0.3969234365327396,CCND1;ERBB2;EGFR
APICAL,Negative Regulation Of Apoptotic Process (GO:0043066),0.4077217419623826,CEACAM6;ERBB2;MDM2;EGFR
APICAL,Negative Regulation Of Programmed Cell Death (GO:0043069),0.4080789307610588,ERBB2;MDM2;EGFR
APICAL,Negative Regulation Of Cellular Process (GO:0048523),0.4460172594971526,TACSTD2;AGR3;GATA3
APICAL,Positive Regulation Of DNA-templated Transcription (GO:0045893),0.4636580364107058,FOXA1;CDH1;EPCAM;ERBB2;GATA3;EGFR
APICAL,Regulation Of Cell Population Proliferation (GO:0042127),0.4939744291723469,EPCAM;CEACAM6;ERBB2;MDM2;GATA3;EGFR
APICAL,Positive Regulation Of Cell Population Proliferation (GO:0008284),0.5017869160557495,EPCAM;CEACAM6;ERBB2;MDM2;EGFR
APICAL,Negative Regulation Of Transcription By RNA Polymerase II (GO:0000122),0.5320952629109876,CCND1;MDM2;GATA3
APICAL,Positive Regulation Of Cellular Process (GO:0048522),0.5320952629109876,EPCAM;CEACAM6;ERBB2;MDM2;EGFR
APICAL,Regulation Of Transcription By RNA Polymerase II (GO:0006357),0.5486445735563713,FOXA1;CCND1;EPCAM;MDM2;GATA3;EGFR
APICAL,Positive Regulation Of MAPK Cascade (GO:0043410),0.5644876693141457,ERBB2;ADAM9;EGFR
APICAL,Positive Regulation Of Nucleic Acid-Templated Transcription (GO:1903508),0.5798554918849703,CDH1;GATA3;EGFR
APICAL,Positive Regulation Of Protein Phosphorylation (GO:0001934),0.5798554918849703,CCND1;ERBB2;EGFR
APICAL,Positive Regulation Of Transcription By RNA Polymerase II (GO:0045944),0.5803656559840689,FOXA1;EPCAM;GATA3;EGFR
APICAL,Regulation Of Cell Migration (GO:0030334),0.6102109169084752,CDH1;CEACAM6;ADAM9;EGFR
APICAL,Cellular Response To Oxygen-Containing Compound (GO:1901701),0.6228534756724844,CDH1;ADAM9;EGFR
APICAL,Positive Regulation Of Cell Migration (GO:0030335),0.6228534756724844,CEACAM6;ADAM9;EGFR
APICAL,Positive Regulation Of Cell Motility (GO:2000147),0.6228534756724844,CEACAM6;ADAM9;EGFR
APICAL,Negative Regulation Of DNA-templated Transcription (GO:0045892),0.7264211713252612,CCND1;MDM2;GATA3
APICAL,Regulation Of DNA-templated Transcription (GO:0006355),0.7645942066187869,FOXA1;CDH1;MDM2;GATA3;EGFR
APICAL,Positive Regulation Of Intracellular Signal Transduction (GO:1902533),0.7811049350681161,ERBB2;GATA3;EGFR
APICAL,Regulation Of Gene Expression (GO:0010468),0.8163144419790448,CDH1;MDM2;GATA3
APICAL,Vesicle (GO:0031982),0.3150503915389367,MYO5B;CD9;EGFR
APICAL,Actin Cytoskeleton (GO:0015629),0.3150503915389367,MLPH;CTTN;CDH1;MYO5B;FLNB
APICAL,Cytoskeleton (GO:0005856),0.3150503915389367,CTTN;CDH1;MYO5B;KRT8;KRT7;FLNB
APICAL,Cortical Cytoskeleton (GO:0030863),0.3150503915389367,MLPH;CTTN;CDH1
APICAL,Basolateral Plasma Membrane (GO:0016323),0.3150503915389367,EPCAM;ERBB2;EGFR
APICAL,Cell-Substrate Junction (GO:0030055),0.3150503915389367,CTTN;CD9;ADAM9;FLNB;EGFR
APICAL,Cytoplasmic Vesicle Membrane (GO:0030659),0.3150503915389367,MYO5B;ERBB2;MDM2;CD9;EGFR
APICAL,Focal Adhesion (GO:0005925),0.3150503915389367,CTTN;CD9;ADAM9;FLNB;EGFR
APICAL,Polymeric Cytoskeletal Fiber (GO:0099513),0.3150503915389367,DSP;CTTN;KRT8;KRT7
APICAL,Bounding Membrane Of Organelle (GO:0098588),0.3150503915389367,TRAPPC3;ERBB2;MDM2;CD9;EGFR
APICAL,Intermediate Filament (GO:0005882),0.3150503915389367,DSP;KRT8;KRT7
APICAL,Intermediate Filament Cytoskeleton (GO:0045111),0.3150503915389367,DSP;KRT8;KRT7
APICAL,Endocytic Vesicle Membrane (GO:0030666),0.3150503915389367,MDM2;CD9;EGFR
APICAL,Intracellular Membrane-Bounded Organelle (GO:0043231),0.3313450926292501,FOXA1;TOP2A;DSP;SERPINA3;KRT8;TACSTD2;KRT7;GATA3;EGFR;CCND1;CTTN;KRT15;ERBB2;MDM2;AGR3
APICAL,Cell-Cell Junction (GO:0005911),0.3491255217173344,DSP;CDH1;DSC2
APICAL,Endocytic Vesicle (GO:0030139),0.3491255217173344,CTTN;MDM2;CD9
APICAL,Nucleus (GO:0005634),0.3632717160404706,FOXA1;TOP2A;DSP;SERPINA3;KRT8;TACSTD2;KRT7;GATA3;EGFR;CCND1;KRT15;ERBB2;MDM2
APICAL,Nuclear Lumen (GO:0031981),0.3632717160404706,TOP2A;SCD;MDM2
APICAL,Nucleolus (GO:0005730),0.3632717160404706,TOP2A;SCD;MDM2
APICAL,Secretory Granule Membrane (GO:0030667),0.4468303679695229,DSP;CEACAM6;CD9
APICAL,Intracellular Non-Membrane-Bounded Organelle (GO:0043232),0.4505508434653233,TOP2A;CTTN;SCD;MDM2
APICAL,Cadherin Binding (GO:0045296),0.0163232350679922,CTTN;CDH1;EPCAM;FASN;FLNB;EGFR
APICAL,Protein Kinase C Binding (GO:0005080),0.2965805265663255,TOP2A;DSP;ADAM9
APICAL,Metal Ion Binding (GO:0046872),0.3610126502515137,TPD52;TOP2A;CDH1;S100A14;DSC2
APICAL,Calcium Ion Binding (GO:0005509),0.3610126502515137,TPD52;CDH1;S100A14;DSC2
APICAL,DNA Binding (GO:0003677),0.3610126502515137,FOXA1;TOP2A;SERPINA3;GATA3;EGFR
APICAL,Protein Heterodimerization Activity (GO:0046982),0.3610126502515137,TOP2A;CEACAM6;ERBB2
APICAL,RNA Binding (GO:0003723),0.3610126502515137,TOP2A;DSP;FASN;FLNB
APICAL,Protein Kinase Binding (GO:0019901),0.4086806805455295,TOP2A;DSP;CCND1;ADAM9
APICAL,Double-Stranded DNA Binding (GO:0003690),0.6860380861877877,FOXA1;GATA3;EGFR
APICAL,Androgen Response,0.0049295205250825,TPD52;CCND1;SCD;KRT8;SMS
APICAL,Estrogen Response Early,0.0054365071499051,AR;MLPH;CCND1;FASN;KRT15;KRT8;FLNB
APICAL,Estrogen Response Late,0.0096728628009888,TOP2A;SERPINA3;CCND1;CDH1;CD9;FLNB
APICAL,Mitotic Spindle,0.2211236013171193,TOP2A;CTTN;FLNB
APICAL,Cholesterol Homeostasis,0.2821251844961147,SCD;FASN;CD9
APICAL,Apoptosis,0.4097936598329398,TOP2A;CCND1;ERBB2
APICAL,Apical Junction,0.4295034742859501,CDH1;ADAM9;EGFR
APICAL,Signaling By Non-Receptor Tyrosine Kinases R-HSA-9006927,0.1858866577205296,CCND1;ERBB2;EGFR
APICAL,Signaling By Nuclear Receptors R-HSA-9006931,0.1858866577205296,FOXA1;CCND1;SCD;FASN;GATA3;EGFR
APICAL,Keratinization R-HSA-6805567,0.2014232506609709,KRT15;KRT8;KRT23;KRT7
APICAL,ESR-mediated Signaling R-HSA-8939211,0.2245469978808588,FOXA1;CCND1;GATA3;EGFR
APICAL,Gene Expression (Transcription) R-HSA-74160,0.2245469978808588,CCND1;FASN;ERBB2;MDM2;GATA3;EGFR
APICAL,Generic Transcription Pathway R-HSA-212436,0.2245469978808588,CCND1;FASN;ERBB2;MDM2;GATA3;EGFR
APICAL,RNA Polymerase II Transcription R-HSA-73857,0.2245469978808588,CCND1;FASN;ERBB2;MDM2;GATA3;EGFR
APICAL,Membrane Trafficking R-HSA-199991,0.2245469978808588,TPD52;TRAPPC3;CTTN;EGFR
APICAL,Post-translational Protein Modification R-HSA-597592,0.2245469978808588,TOP2A;TRAPPC3;MDM2;LYPD3;GATA3
APICAL,Cell Cycle R-HSA-1640170,0.2245469978808588,TOP2A;CCND1;MDM2
APICAL,Estrogen-dependent Gene Expression R-HSA-9018519,0.2245469978808588,FOXA1;CCND1;GATA3
APICAL,Vesicle-mediated Transport R-HSA-5653656,0.2245469978808588,TPD52;TRAPPC3;CTTN;EGFR
APICAL,Hemostasis R-HSA-109582,0.2245469978808588,SERPINA3;EPCAM;CEACAM6;CD9;GATA3
APICAL,Developmental Biology R-HSA-1266738,0.2245469978808588,KRT15;ERBB2;KRT8;KRT23;KRT7;EGFR
APICAL,PI3K/AKT Signaling In Cancer R-HSA-2219528,0.2245469978808588,ERBB2;MDM2;EGFR
APICAL,PIP3 Activates AKT Signaling R-HSA-1257604,0.3076453867154028,ERBB2;MDM2;EGFR
APICAL,Intracellular Signaling By Second Messengers R-HSA-9006925,0.3076453867154028,ERBB2;MDM2;EGFR
APICAL,Diseases Of Signal Transduction By Growth Factor Receptors And Second Messengers R-HSA-5663202,0.3076453867154028,ERBB2;MDM2;EGFR
APICAL,Metabolism Of Proteins R-HSA-392499,0.326625885036388,TOP2A;TRAPPC3;MDM2;LYPD3;GATA3
APICAL,Disease R-HSA-1643685,0.5968256684697207,CCND1;ERBB2;MDM2;CD9;EGFR
APICAL,Signal Transduction R-HSA-162582,0.5968256684697207,FOXA1;OXTR;CCND1;CTTN;SCD;FASN;ERBB2;MDM2;GATA3;EGFR
APICAL,Cytokine Signaling In Immune System R-HSA-1280215,0.7958263040802891,CCND1;FLNB;GATA3
APICAL,Immune System R-HSA-168256,0.9947385691481542,SERPINA3;CCND1;CEACAM6;FLNB;GATA3
APICAL,Retinoblastoma Gene In Cancer WP2446,0.0321776790562314,TOP2A;CCND1;CCDC6;MDM2
APICAL,ErbB Signaling Pathway WP673,0.0321776790562314,CCND1;ERBB2;MDM2;EGFR
APICAL,Androgen Receptor Signaling Pathway WP138,0.0321776790562314,AR;CCND1;MDM2;EGFR
APICAL,Endometrial Cancer WP4155,0.0321776790562314,CCND1;CDH1;ERBB2;EGFR
APICAL,Pancreatic Cancer Subtypes WP5390,0.0321776790562314,CEACAM6;KRT15;AGR3;KRT7
APICAL,Bladder Cancer WP2828,0.0321776790562314,CCND1;CDH1;ERBB2;MDM2;EGFR
APICAL,Non Small Cell Lung Cancer WP4255,0.0366676751850792,CCND1;ERBB2;EGFR
APICAL,Pancreatic Adenocarcinoma Pathway WP4263,0.0366676751850792,CCND1;ERBB2;EGFR
APICAL,Copper Homeostasis WP3286,0.0366676751850792,CCND1;MDM2;ADAM9
APICAL,Glioblastoma Signaling Pathways WP2261,0.0407505650052881,CCND1;ERBB2;MDM2;EGFR
APICAL,Androgen Receptor Network In Prostate Cancer WP2263,0.0407505650052881,FOXA1;AR;CCND1;MDM2
APICAL,TROP2 Regulatory Signaling WP5300,0.0407505650052881,CCND1;CDH1;TACSTD2;EGFR
APICAL,CKAP4 Signaling Pathway Map WP5322,0.0800645372129668,DSP;CCND1;CDH1;MDM2;EGFR
APICAL,DNA Damage Response Only ATM Dependent WP710,0.0800645372129668,CCND1;ERBB2;MDM2
APICAL,Head And Neck Squamous Cell Carcinoma WP4674,0.0800645372129668,CCND1;ERBB2;EGFR
APICAL,Hair Follicle Development Cytodifferentiation Part 3 Of 3 WP2840,0.0853956151105972,KRT15;GATA3;EGFR;DSC2
APICAL,miRNA Regulation Of Prostate Cancer Signaling Pathways WP3981,0.0853956151105972,AR;CCND1;MDM2
APICAL,Melanoma WP4685,0.0853956151105972,CCND1;CDH1;MDM2
APICAL,Mesodermal Commitment Pathway WP2857,0.0927767700014169,FOXA1;CCND1;CCDC6;GATA3
APICAL,Nuclear Receptors Meta Pathway WP2882,0.1361303761404451,CCND1;SCD;FASN;EGFR
APICAL,Focal Adhesion WP306,0.1885358781689937,CCND1;ERBB2;FLNB;EGFR
APICAL,VEGFA VEGFR2 Signaling WP3888,0.2303196214037446,CCND1;MDM2;ADAM9;FLNB
APICAL,Mammary Gland Development Pathway Pregnancy And Lactation Stage 3 Of 4 WP2817,0.2408776886358304,CCND1;ERBB2;EGFR
APICAL,Gastrin Signaling Pathway WP4659,0.2408776886358304,CCND1;CDH1;EGFR
APICAL,EGFR Tyrosine Kinase Inhibitor Resistance WP4806,0.2408776886358304,CCND1;ERBB2;EGFR
APICAL,Breast Cancer Pathway WP4262,0.2408776886358304,CCND1;ERBB2;EGFR
APICAL,Hippo Merlin Signaling Dysregulation WP4541,0.2408776886358304,CCND1;CDH1;EGFR
APICAL,Pleural Mesothelioma WP5087,0.4445000740288142,CCND1;CDH1;MDM2;EGFR
APICAL,IL 24 Signaling Pathway WP5413,0.4812762520641526,TOP2A;CCND1;CDH1;EGFR
APICAL,Focal Adhesion PI3K Akt mTOR Signaling Pathway WP3932,0.4904315613115291,FOXA1;MDM2;EGFR
APICAL,PI3K Akt Signaling Pathway WP4172,0.4904315613115291,CCND1;MDM2;EGFR
BASAL,Supramolecular Fiber Organization (GO:0097435),0.2088612979504641,LUM;KRT16;KRT14;MYH11;KRT5;KRT6B
BASAL,Organelle Organization (GO:0006996),0.2088612979504641,DST;KRT16;CAV1
BASAL,Cellular Response To Ketone (GO:1901655),0.2088612979504641,POSTN;SFRP1;AQP1
BASAL,Intermediate Filament Organization (GO:0045109),0.2088612979504641,KRT16;KRT14;KRT5;KRT6B
BASAL,Positive Regulation Of Wnt Signaling Pathway (GO:0030177),0.2088612979504641,ZEB2;SFRP1;CAV1
BASAL,Positive Regulation Of Canonical Wnt Signaling Pathway (GO:0090263),0.2088612979504641,ZEB2;SFRP1;CAV1
BASAL,Defense Response To Bacterium (GO:0042742),0.2088612979504641,FCER1G;LYZ;AQP1
BASAL,Regulation Of Canonical Wnt Signaling Pathway (GO:0060828),0.2088612979504641,ZEB2;SFRP1;CAV1
BASAL,Regulation Of Cell Migration (GO:0030334),0.2088612979504641,PDGFRB;SFRP1;KRT16;CAV1;KRT5;MYLK
BASAL,Extracellular Matrix Organization (GO:0030198),0.2088612979504641,POSTN;CCDC80;LUM
BASAL,Regulation Of Angiogenesis (GO:0045765),0.2088612979504641,SFRP1;AQP1;RUNX1
BASAL,Negative Regulation Of DNA-templated Transcription (GO:0045892),0.2675517892257593,ZEB2;SFRP1;CAV1;RUNX1
BASAL,Negative Regulation Of Apoptotic Process (GO:0043066),0.2675517892257593,SFRP1;CAV1;AQP1
BASAL,Negative Regulation Of Transcription By RNA Polymerase II (GO:0000122),0.2890892033946094,ZEB2;CAV1;RUNX1
BASAL,Positive Regulation Of Cell Population Proliferation (GO:0008284),0.3377291953267985,PDGFRB;SFRP1;PTN;AQP1
BASAL,Positive Regulation Of Cell Migration (GO:0030335),0.3680887976722623,PDGFRB;CAV1;MYLK
BASAL,Positive Regulation Of Cell Motility (GO:2000147),0.3680887976722623,PDGFRB;CAV1;MYLK
BASAL,Positive Regulation Of Cellular Process (GO:0048522),0.3709633165502098,PDGFRB;SFRP1;CAV1;PTN
BASAL,Regulation Of Cell Population Proliferation (GO:0042127),0.4483484861847928,PDGFRB;SFRP1;PTN;RUNX1
BASAL,Regulation Of Gene Expression (GO:0010468),0.5203832139083605,ACTA2;SFRP1;ACTG2
BASAL,Positive Regulation Of DNA-templated Transcription (GO:0045893),0.6102533803368929,ZEB2;SFRP1;RUNX1
BASAL,Regulation Of Transcription By RNA Polymerase II (GO:0006357),0.6953725406271785,ZEB2;CAV1;RUNX1
BASAL,Regulation Of DNA-templated Transcription (GO:0006355),0.7520249554939722,ZEB2;SFRP1;RUNX1
BASAL,Intermediate Filament (GO:0005882),0.006929718015462,DST;KRT16;KRT14;KRT5;KRT6B
BASAL,Keratin Filament (GO:0045095),0.0142286418119944,KRT16;KRT14;KRT5;KRT6B
BASAL,Intermediate Filament Cytoskeleton (GO:0045111),0.0395131258037,DST;KRT16;KRT14;KRT5
BASAL,Cell-Substrate Junction (GO:0030055),0.0655976717809629,PDGFRB;ENAH;SVIL;DST;CAV1
BASAL,Focal Adhesion (GO:0005925),0.0655976717809629,PDGFRB;ENAH;SVIL;DST;CAV1
BASAL,Polymeric Cytoskeletal Fiber (GO:0099513),0.0834708859025452,DST;KRT16;KRT14;KRT5
BASAL,Cytoskeleton (GO:0005856),0.2371227110031174,SVIL;DST;KRT16;MYLK
BASAL,Collagen-Containing Extracellular Matrix (GO:0062023),0.2371227110031174,POSTN;SFRP1;CCDC80;DST;LUM
BASAL,Nucleus (GO:0005634),0.4211406770357643,PDGFRB;SVIL;ZEB2;DST;KRT16;KRT14;KRT5;AQP1;RUNX1
BASAL,Intracellular Non-Membrane-Bounded Organelle (GO:0043232),0.480045925741984,ZEB2;KRT16;CAV1
BASAL,Intracellular Membrane-Bounded Organelle (GO:0043231),0.480045925741984,PDGFRB;SVIL;ZEB2;DST;KRT16;KRT14;KRT5;AQP1;RUNX1
BASAL,Kinase Binding (GO:0019900),0.2304915069345635,PDGFRB;ACTA2;CAV1;PTN
BASAL,Protein Kinase Binding (GO:0019901),0.2304915069345635,PDGFRB;ACTA2;CAV1;PTN
BASAL,Epithelial Mesenchymal Transition,0.0056938048854221,PDGFRB;ACTA2;POSTN;SFRP1;DST;LUM;MYLK
BASAL,UV Response Dn,0.0612967811983031,PDGFRB;CAV1;RUNX1
BASAL,Myogenesis,0.0676563816517342,SVIL;MYH11;MYLK
BASAL,Apoptosis,0.1936379564352224,PDGFRB;LUM;CAV1
BASAL,Smooth Muscle Contraction R-HSA-445355,0.0053652401152124,ACTA2;MYH11;ACTG2;MYLK
BASAL,Muscle Contraction R-HSA-397014,0.0359214891647073,ACTA2;MYH11;ACTG2;MYLK
BASAL,Developmental Biology R-HSA-1266738,0.1272290443346399,ENAH;KRT16;KRT14;MYH11;KRT5;KRT6B;RUNX1
BASAL,Keratinization R-HSA-6805567,0.1272290443346399,KRT16;KRT14;KRT5;KRT6B
BASAL,Signaling By Rho GTPases R-HSA-194315,0.1321822804146272,DST;CAV1;MYH11;MYLK
BASAL,"Signaling By Rho GTPases, Miro GTPases And RHOBTB3 R-HSA-9716542",0.1321822804146272,DST;CAV1;MYH11;MYLK
BASAL,Signal Transduction R-HSA-162582,0.2625648892964518,PDGFRB;ACTA2;SFRP1;DST;CAV1;MYH11;PTN;MYLK;RUNX1
BASAL,Signaling By Receptor Tyrosine Kinases R-HSA-9006934,0.2625648892964518,PDGFRB;CAV1;PTN
BASAL,Disease R-HSA-1643685,0.6616384121150215,PDGFRB;LUM;CAV1
BASAL,Immune System R-HSA-168256,0.9848501475214068,ENAH;FCER1G;LYZ
BASAL,Markers Of Kidney Cell Lineage WP5236,0.3064839059915155,PDGFRB;ACTA2;SFRP1
BASAL,Regulation Of Actin Cytoskeleton WP51,0.3064839059915155,PDGFRB;ENAH;MYLK
BASAL,A Network Map Of Macrophage Stimulating Protein MSP Signaling WP5353,0.3222331922604918,PDGFRB;ACTA2;ZEB2
BASAL,Focal Adhesion WP306,0.3222331922604918,PDGFRB;CAV1;MYLK
BASAL,Pleural Mesothelioma WP5087,0.3744806681182627,PDGFRB;ACTA2;SFRP1;ACTG2
